Unnamed: 0,artist_name,track_name,track_id,popularity,year,genre,danceability,energy,key,loudness,mode,speechiness,acousticness,instrumentalness,liveness,valence,tempo,duration_ms,time_signature,popularity_category,cluster_1,cluster_2,cluster_3,best_feature,optimal_value,predicted_increase
0.0,Jason Mraz,I Won't Give Up,53QF56cjZA9RTuuMZDrSA6,68,2012,acoustic,0.483,0.303,4,-10.058,1,0.0429,0.694,0.0,0.115,0.139,133.406,240166,3,High,True,False,False,loudness,0.0,1.7034156650698158
1.0,Jason Mraz,93 Million Miles,1s8tP3jP4GZcyHDsjvw218,50,2012,acoustic,0.572,0.454,3,-10.286,1,0.0258,0.477,1.37e-05,0.0974,0.515,140.182,216387,4,Medium,True,False,False,loudness,0.0,3.618097623006204
2.0,Joshua Hyslop,Do Not Let Me Go,7BRCa8MPiyuvr2VU3O9W0F,57,2012,acoustic,0.409,0.234,3,-13.711,1,0.0323,0.338,5e-05,0.0895,0.145,139.832,158960,4,Medium,True,False,False,loudness,0.0,1.689442691823395
3.0,Boyce Avenue,Fast Car,63wsZUhUZLlh1OsyrZq7sz,58,2012,acoustic,0.392,0.251,10,-9.845,1,0.0363,0.807,0.0,0.0797,0.508,204.961,304293,4,Medium,True,False,False,valence,0.308,1.4990028427408433
4.0,Andrew Belle,Sky's Still Blue,6nXIYClvJAfi6ujLiKqEq8,54,2012,acoustic,0.43,0.791,6,-5.419,0,0.0302,0.0726,0.0193,0.11,0.217,171.864,244320,4,Medium,False,False,False,instrumentalness,0.0,3.53356369646324
5.0,Chris Smither,What They Say,24NvptbNKGs6sPy1Vh1O0v,48,2012,acoustic,0.566,0.57,2,-6.42,1,0.0329,0.688,1.73e-06,0.0943,0.96,83.403,166240,4,Medium,True,False,False,tempo,74.06933333333333,1.8683088041592697
6.0,Matt Wertz,Walking in a Winter Wonderland,0BP7hSvLAG3URGrEvNNbGM,48,2012,acoustic,0.575,0.606,9,-8.197,1,0.03,0.0119,0.0,0.0675,0.364,121.083,152307,4,Medium,False,False,False,danceability,0.7749999999999999,4.112867704857166
7.0,Green River Ordinance,Dancing Shoes,3Y6BuzQCg9p4yH347Nn8OW,45,2012,acoustic,0.586,0.423,7,-7.459,1,0.0261,0.252,5.83e-06,0.0976,0.318,138.133,232373,4,Medium,True,False,False,loudness,0.0,0.5989592578525098
8.0,Jason Mraz,Living in the Moment,3ce7k1L4EkZppZPz1EJWTS,44,2012,acoustic,0.65,0.628,7,-7.16,1,0.0232,0.0483,0.0,0.119,0.7,84.141,235080,4,Medium,False,False,False,loudness,0.0,4.216245828323665
9.0,Boyce Avenue,Heaven,2EKxmYmUdAVXlaHCnnW13o,58,2012,acoustic,0.619,0.28,8,-10.238,0,0.0317,0.73,0.0,0.103,0.292,129.948,250063,4,Medium,True,False,False,loudness,0.0,1.4828707010299986
10.0,Tristan Prettyman,Say Anything,1RjEDlhTp2iJXWPdLpa8OM,45,2012,acoustic,0.657,0.43,1,-10.202,1,0.0314,0.534,0.000238,0.12,0.335,91.967,236379,4,Medium,True,False,False,loudness,0.0,2.482922575140851
11.0,David Gray,Money (That's What I Want) - From Jim Beam's Live Music Series,38sSJ12azM6Mic7ajbHKBi,45,2012,acoustic,0.655,0.692,5,-6.217,1,0.0326,0.568,2.34e-05,0.119,0.547,121.455,234270,4,Medium,True,False,False,valence,0.347,1.3454608723341082
12.0,Boyce Avenue,Someone Like You,6VtoP2sJt5oCmPOQIve2sf,55,2012,acoustic,0.439,0.207,1,-9.573,1,0.0297,0.608,0.0,0.186,0.264,136.514,276147,4,Medium,True,False,False,liveness,0.0,3.0899242653478467
13.0,Jason Mraz,The Woman I Love,0AYG9AcwqEeqgAw3OvshPC,40,2012,acoustic,0.591,0.647,4,-8.34,1,0.0277,0.067,6.57e-05,0.231,0.678,79.68,190752,4,Medium,False,False,False,loudness,0.0,2.904022451612512
14.0,Eddie Vedder,I Shall Be Released,0J1iFISejodqBIy0Q9AS0N,44,2012,acoustic,0.45,0.713,6,-7.503,0,0.0386,0.157,0.0,0.992,0.36,74.71,283587,4,Medium,False,False,False,danceability,0.65,2.3945532915508707
15.0,The Civil Wars,Kingdom Come,1IZc5f9ulw7Ge2eOpQH7w6,41,2012,acoustic,0.497,0.277,4,-11.382,0,0.0373,0.846,4.77e-06,0.111,0.179,81.367,222560,4,Medium,True,False,False,loudness,0.0,2.1849101644472526
16.0,Gabrielle Aplin,Home,20kpTTSvI4ok6Gm1uZqtcz,57,2012,acoustic,0.439,0.265,2,-10.72,1,0.0343,0.736,0.0,0.093,0.382,140.494,247002,4,Medium,True,False,False,loudness,0.0,1.4252410840444902
17.0,Harley Poe,Transvestities Can Be Cannibals Too,46KacVTVWMkyXS0jf7TwOX,39,2012,acoustic,0.499,0.614,7,-8.175,1,0.0621,0.151,3.52e-06,0.0555,0.605,89.038,276973,4,Medium,False,False,False,loudness,0.0,1.844401067656019
18.0,Ron Pope,One Grain of Sand,3yqJGfvXtPZLiWHVeLWtm8,49,2012,acoustic,0.713,0.824,3,-7.168,1,0.0393,0.106,8.03e-05,0.13,0.696,120.028,207240,4,Medium,False,False,False,loudness,0.0,1.5938453240986448
19.0,Sara Bareilles,Once Upon Another Time,7KG9zriC6iP8F1CNihtR8Y,39,2012,acoustic,0.275,0.216,2,-14.504,1,0.0493,0.896,0.0,0.231,0.0551,95.421,324333,5,Medium,True,False,False,loudness,0.0,5.455313496175087
20.0,Harley Poe,The Hearse Song,09ibWmdrePCN2E2Gbm4Aen,39,2012,acoustic,0.512,0.375,11,-9.525,0,0.0652,0.527,0.0,0.109,0.445,183.452,166467,3,Medium,True,False,False,loudness,0.0,3.327448783178813
21.0,Jason Mraz,Winter Wonderland,0zXjeGMMe7esPTvqJCN5d8,36,2012,acoustic,0.609,0.359,5,-6.715,1,0.0468,0.777,0.0,0.221,0.645,145.178,127080,4,Medium,True,False,False,valence,0.445,3.699689594187056
22.0,Meiko,Stuck On You,4vfioWSgbZSVwsYtPS1a6s,35,2012,acoustic,0.638,0.538,2,-6.667,1,0.034,0.516,0.0,0.0797,0.843,98.591,186640,4,Medium,True,False,False,valence,0.643,3.672546736154178
23.0,Harley Poe,Ouija,3SUY9IKXcU5VN95FOujS6S,37,2012,acoustic,0.479,0.519,9,-8.022,0,0.0459,0.263,1.84e-06,0.112,0.357,146.819,220160,4,Medium,False,False,False,danceability,0.6345555555555555,2.9108279881930343
24.0,Boyce Avenue,Just the Way You Are,2FSkBDGsqZIxcsnKNgtMLx,53,2012,acoustic,0.531,0.296,1,-7.594,1,0.0304,0.84,0.0,0.124,0.212,106.359,239573,4,Medium,True,False,False,liveness,0.0,1.6525905872984303
25.0,Eric Hutchinson,Watching You Watch Him,7j6t0kr66wFLkBjjKxh5FJ,36,2012,acoustic,0.588,0.71,8,-5.974,1,0.0382,0.043,5.28e-06,0.114,0.63,91.036,211027,4,Medium,False,False,False,valence,0.43,0.8839879843041487
26.0,Jason Mraz,Be Honest (feat. Inara George),5T0N6xybJyZq34R1807OTt,36,2012,acoustic,0.757,0.308,11,-13.66,0,0.0449,0.851,0.0,0.097,0.47,107.948,205000,4,Medium,True,False,False,loudness,0.0,2.919149226451342
27.0,Sara Bareilles,Stay,24xqELXbmKDFLKkR3271jb,37,2012,acoustic,0.262,0.341,2,-8.496,1,0.031,0.589,0.00154,0.14,0.181,99.913,262613,3,Medium,True,False,False,liveness,0.0,1.372360471828021
28.0,Harley Poe,Ima Killer,0ijjTpuUC6DGrST4a4l6Gk,36,2012,acoustic,0.461,0.879,4,-7.341,0,0.0946,0.171,5.16e-05,0.414,0.656,172.178,233373,4,Medium,False,False,False,instrumentalness,0.0,2.1111438545813392
29.0,Ross Copperman,Holding On and Letting Go,0v0pc1lIt5p6EBX7pnfOGF,44,2012,acoustic,0.486,0.555,2,-9.466,1,0.0271,0.818,0.00269,0.109,0.0992,77.987,317441,4,Medium,True,False,False,liveness,0.0,1.550242337850797
30.0,Harley Poe,Everybody Knows My Name,1fHBkl9GcUZq0I5kFfrR2r,35,2012,acoustic,0.49,0.662,2,-7.63,0,0.0555,0.108,1.45e-05,0.167,0.662,124.229,186640,4,Medium,False,False,False,danceability,0.6455555555555554,1.115965032924354
31.0,Harley Poe,Still Here,2uUZodl12OHB8K6uZ0jLr3,34,2012,acoustic,0.526,0.527,2,-8.403,1,0.0674,0.434,3.5e-06,0.262,0.666,88.263,82680,4,Medium,True,False,False,speechiness,0.2674,3.046293175568792
32.0,Johnnyswim,Annie,6SU4bifjXJwueCHG8maEXz,34,2012,acoustic,0.594,0.251,4,-9.036,1,0.0295,0.63,2.8e-06,0.112,0.0502,98.819,270841,4,Medium,True,False,False,liveness,0.0,1.645203105132012
33.0,Eric Hutchinson,Breakdown More,2sqNYse3PoPzzOA2j2jTlZ,33,2012,acoustic,0.598,0.703,0,-7.313,1,0.03,0.104,0.000118,0.141,0.604,77.998,245880,4,Medium,False,False,False,instrumentalness,0.0,1.8415243139760984
34.0,Boyce Avenue,Teenage Dream,65MVsQOcfdeFbFRUYdfFq5,44,2012,acoustic,0.654,0.319,2,-8.43,1,0.0322,0.844,0.0,0.0854,0.484,115.578,242107,4,Medium,True,False,False,valence,0.284,1.8030722967909008
35.0,AJJ,Black Dog,279Iabhr2afcc93hAc1YZ8,33,2012,acoustic,0.53,0.249,2,-18.414,1,0.131,0.688,0.0,0.188,0.22,87.265,82027,4,Medium,True,False,False,loudness,0.0,4.933487470550865
36.0,Boyce Avenue,Fix You,2OcZ7956nCJ1OJ6oyNDLtf,48,2012,acoustic,0.421,0.441,3,-8.012,1,0.0271,0.413,8.35e-06,0.118,0.0992,138.07,294737,4,Medium,True,False,False,speechiness,0.2271,1.8901403313640124
37.0,Sara Bareilles,Bright Lights and Cityscapes,7CEWZ0h4rez5BqMQwx4QXf,33,2012,acoustic,0.343,0.184,5,-12.633,1,0.0369,0.977,0.00049,0.0923,0.213,66.509,356093,4,Medium,True,False,False,loudness,0.0,2.7440192663734635
38.0,Jason Mraz,Everything Is Sound,61uAuQITuz62vOnGXQslaA,33,2012,acoustic,0.508,0.563,9,-8.238,1,0.0605,0.511,0.0,0.143,0.432,167.42,285547,4,Medium,True,False,False,speechiness,0.2605,2.5762323672895526
39.0,Boyce Avenue,Faithfully,3eGK4zpPPPoHrcUNkb8dUF,36,2012,acoustic,0.509,0.34,6,-8.972,1,0.0335,0.755,1.52e-05,0.101,0.131,130.257,265200,4,Medium,True,False,False,liveness,0.0,1.3488732902317435
40.0,Meiko,Leave The Lights On,7esHVZvcWKChIIxGO8mB98,31,2012,acoustic,0.646,0.818,1,-6.469,0,0.0314,0.0348,0.00012,0.0919,0.713,121.931,248373,4,Low,False,False,False,loudness,0.0,1.3095690396483377
41.0,Not Half Bad,We're Going To Hell,47tWBYs1sGtVQdSFhYgF1X,32,2012,acoustic,0.775,0.523,0,-7.462,1,0.0381,0.571,0.0,0.352,0.487,81.037,142240,4,Low,True,False,False,valence,0.287,1.0397908039398622
42.0,Boyce Avenue,What Makes You Beautiful,1jseyXx3Q0Vfjr5Z6jiUnU,42,2012,acoustic,0.458,0.275,5,-8.241,1,0.0365,0.827,0.0,0.174,0.2,114.158,208893,4,Medium,True,False,False,liveness,0.0,2.929757385760695
43.0,A Fine Frenzy,Now Is The Start,3gEyA6UtRSk1058sev61D6,30,2012,acoustic,0.559,0.781,1,-6.805,1,0.0332,0.00124,0.0353,0.101,0.227,114.962,286429,4,Low,False,False,False,instrumentalness,0.0,5.408253325352714
44.0,Jason Mraz,The World as I See It,2ORU4XRGqFjPB2mTft0VPj,32,2012,acoustic,0.573,0.747,10,-7.011,1,0.0316,0.164,0.0,0.144,0.464,119.012,239156,4,Low,False,False,False,valence,0.264,0.7900252876301259
45.0,Get Dead,Fuck You,5DUAKXpyv3nL50PnAQbPS0,32,2012,acoustic,0.608,0.917,11,-5.341,1,0.0601,0.236,0.0,0.13,0.936,117.875,169267,4,Low,False,False,False,acousticness,0.0359999999999999,2.2888881201783846
46.0,Harley Poe,Taxidermy Girl,7pmbRTdvcjnCKJF7WyHzmE,31,2012,acoustic,0.336,0.362,7,-10.046,1,0.0336,0.434,0.000143,0.122,0.455,175.228,278707,3,Low,True,False,False,loudness,0.0,1.4946663490872858
47.0,Sara Bareilles,Sweet As Whole,04BcODyhCDTV7SBFeJHOXe,32,2012,acoustic,0.431,0.352,8,-9.335,1,0.0275,0.742,0.0,0.148,0.246,94.915,277547,3,Low,True,False,False,liveness,0.0,1.7669516205030398
48.0,Chad Hates George,"Shooting Up, Breaking Down (feat. Jesse Sendejas)",1gIXgeL8KPbRCnWvPfZyUJ,30,2012,acoustic,0.488,0.813,0,-7.12,1,0.286,0.699,0.0,0.273,0.583,162.285,208666,4,Low,True,False,False,acousticness,0.4989999999999999,2.501311120319361
49.0,Taj Mahal,Shady Grove,6MVmw9Ea73B1XQjbAu6uuw,33,2012,acoustic,0.581,0.55,1,-11.719,1,0.0394,0.878,0.742,0.112,0.66,126.128,565787,4,Medium,False,True,False,speechiness,0.0,1.8623195461753603
50.0,David Ramirez,Find the Light,7jhcBzFm4W2UpFPa9fZFlR,31,2012,acoustic,0.617,0.131,11,-12.775,1,0.0331,0.903,0.000536,0.105,0.394,129.31,197253,4,Low,True,False,False,acousticness,0.967,6.437072706585393
51.0,Ichiko Aoba,kanashii yume o mitara,52RSwU0HHP9ugX2K7j8iar,34,2012,acoustic,0.474,0.0374,5,-20.324,1,0.0479,0.993,0.021,0.102,0.224,135.099,179787,5,Medium,True,False,False,speechiness,0.0,5.926292121223424
52.0,Ichiko Aoba,hikari no furusato,7c59LJZv6klezUN3jRCXE6,35,2012,acoustic,0.404,0.0427,3,-19.076,1,0.0397,0.99,0.224,0.0852,0.181,74.137,192147,4,Medium,False,True,False,duration_ms,42700.06666666665,2.5633124958007443
53.0,Amos Lee,Simple Things,0GK6pzHhJNuxRPOULLPFo6,33,2012,acoustic,0.498,0.17,10,-11.818,1,0.0341,0.889,0.000561,0.0998,0.165,131.976,201360,4,Medium,True,False,False,loudness,0.0,1.5819530874533605
54.0,Jason Mraz,The Freedom Song,7hevpquSrhFLsEUzbDFrWB,33,2012,acoustic,0.661,0.693,6,-7.562,0,0.0578,0.0872,0.0,0.086,0.848,94.045,239987,4,Medium,False,False,False,loudness,0.0,7.256641597804009
55.0,Steve Petrunak,Walking in a Winter Wonderland,3mng76g6guqrd0Lb9gJ0LX,32,2012,acoustic,0.518,0.269,7,-11.957,1,0.0498,0.93,0.857,0.115,0.356,116.262,134120,4,Low,False,True,False,speechiness,0.0,4.117067885115015
56.0,Kris Allen,Better with You,77xgXc56h19AhTLKrWcijW,42,2012,acoustic,0.732,0.712,0,-5.672,1,0.0252,0.17,0.0,0.0809,0.772,101.005,194147,4,Medium,False,False,False,valence,0.5720000000000001,2.0223691494617384
57.0,Steve Petrunak,Silver Bells,7HKRdvf1PWH1Ml7xJzV2NV,31,2012,acoustic,0.341,0.171,1,-15.618,1,0.0485,0.905,0.909,0.126,0.42,89.618,160040,3,Low,False,True,False,speechiness,0.0,3.861881531250731
58.0,Boyce Avenue,Glad You Came,4LlCL8KQCa5CNStnDg4eSA,40,2012,acoustic,0.722,0.542,6,-8.703,0,0.0371,0.135,0.0,0.168,0.444,125.998,195933,4,Medium,False,False,False,loudness,0.0,2.2092183027961028
59.0,Boyce Avenue,Superman,6AyGrpqr2TeGCTXj1nuzbv,41,2012,acoustic,0.587,0.209,9,-10.426,1,0.0304,0.759,0.0,0.113,0.247,105.669,194093,4,Medium,True,False,False,loudness,-6.817333333333334,1.8486101692748136
60.0,Eric Hutchinson,The Basement,5lGimjX5CT7gL0kwB1AqQF,31,2012,acoustic,0.544,0.921,7,-3.93,1,0.0505,0.00348,0.0,0.215,0.65,165.949,214880,4,Low,False,False,False,energy,0.7210000000000001,0.82342157991447
61.0,Tristan Prettyman,My Oh My,4AzRVhbDkK6pqW03h5u34I,28,2012,acoustic,0.69,0.803,0,-6.827,0,0.0242,0.00873,0.354,0.136,0.712,96.042,218587,4,Low,False,False,False,danceability,0.7566666666666666,0.9231266265329588
62.0,Ann Sally,Mother's Song,3pkVDKAPIhrpsAR79fa05P,30,2012,acoustic,0.27,0.0758,0,-14.469,1,0.0384,0.961,3.55e-05,0.136,0.354,76.388,310640,4,Low,True,False,False,duration_ms,103547.26666666666,2.216034396545364
63.0,Sara Bareilles,Beautiful Girl,35THgVT9h3X5UTqthKkr4d,29,2012,acoustic,0.708,0.125,7,-12.539,0,0.105,0.961,0.0,0.106,0.383,124.948,242907,4,Low,True,False,False,speechiness,0.0,9.8470388662422
64.0,Harley Poe,I Am The Living Dead,4k5Gc1tzDHNnkMQmB3ArkC,29,2012,acoustic,0.554,0.765,2,-8.252,0,0.0363,0.21,0.000114,0.104,0.767,92.43,205493,4,Low,False,False,False,loudness,0.0,4.252777064320622
65.0,The Civil Wars,I Heard The Bells On Christmas Day,1qSBHo7rjtqYdd0XJB8ngq,28,2012,acoustic,0.492,0.145,2,-14.504,0,0.0421,0.872,9.7e-06,0.106,0.218,90.078,154440,4,Low,True,False,False,loudness,0.0,3.694260324802894
66.0,Boyce Avenue,Here Without You,3Fwdij9seLaCGs4yOCQcJM,43,2012,acoustic,0.665,0.559,9,-6.78,0,0.0286,0.684,0.0,0.0843,0.476,143.822,220000,4,Medium,True,False,False,acousticness,0.484,2.298591187570008
67.0,Tristan Prettyman,I Was Gonna Marry You,2ikbRpHU3pH3Y0va9we9s6,28,2012,acoustic,0.448,0.455,1,-10.041,1,0.0379,0.318,0.0141,0.0969,0.495,82.726,191720,4,Low,True,False,False,danceability,0.648,0.798251792262505
68.0,Ingrid Michaelson,Ghost,6UGhHbDZ76PqGR2C9pdWbb,29,2012,acoustic,0.519,0.484,2,-5.808,1,0.0249,0.357,0.0,0.145,0.291,88.03,241640,4,Low,True,False,False,danceability,0.7190000000000001,0.800100972093233
69.0,Jason Mraz,You Fckn' Did It - Live,0k78hapVRILyPAdOenCevc,30,2012,acoustic,0.558,0.646,11,-9.822,0,0.071,0.632,0.0,0.972,0.7,124.911,305330,4,Low,True,False,False,valence,0.4999999999999999,4.328152351474596
70.0,Andrew Belle,The Daylight,3fy4r3gnyaNejuc7jZwAxG,32,2012,acoustic,0.721,0.571,1,-5.857,1,0.0282,0.0478,0.17,0.0808,0.574,119.993,282742,4,Low,False,False,False,instrumentalness,0.0,5.0236154820577
71.0,Ichiko Aoba,IMPERIAL SMOKE TOWN,0awBHWlzmycfbukAxGecCK,31,2012,acoustic,0.511,0.153,10,-18.468,0,0.0651,0.989,0.244,0.0918,0.0568,113.496,437733,3,Low,True,False,False,energy,0.0,2.8808484643427104
72.0,Steve Petrunak,O Come All Ye Faithful,2VPVtEqfCbxwrgQRdNPKp1,29,2012,acoustic,0.469,0.241,8,-11.934,1,0.0443,0.846,0.976,0.113,0.598,111.097,142253,4,Low,False,True,False,speechiness,0.0,5.407532464809746
73.0,Boyce Avenue,Somebody That I Used to Know,0UrGdW00AYx3eqNmzLHIEf,40,2012,acoustic,0.729,0.408,11,-10.078,0,0.0323,0.345,0.0,0.0957,0.263,120.02,238200,4,Medium,True,False,False,loudness,0.0,4.236254142036284
74.0,Steve Petrunak,Angels We Have Heard on High,4zUrEicnZk7cXYcntIX12b,28,2012,acoustic,0.487,0.17,2,-14.93,1,0.047,0.87,0.58,0.15,0.225,97.965,203853,4,Low,False,True,False,speechiness,0.0,4.907773610386
75.0,Ingrid Michaelson,How We Love,4FFnf39apAJSeKp1qXNovT,27,2012,acoustic,0.666,0.114,4,-13.755,1,0.0565,0.913,3.25e-06,0.111,0.293,119.791,213640,4,Low,True,False,False,loudness,0.0,3.803328847956252
76.0,Eric Hutchinson,Not There Yet,3492c69DsiY9PZsjspF2cb,27,2012,acoustic,0.72,0.839,9,-4.138,1,0.0326,0.0772,0.0,0.672,0.968,122.007,205187,4,Low,False,False,False,acousticness,0.0308,0.1080381400090431
77.0,Steve Petrunak,The Old Guitar,2NXoEhxRepl0NKHYDw9s5N,31,2012,acoustic,0.542,0.342,1,-8.939,1,0.0481,0.851,0.948,0.17,0.17,120.4,165373,4,Low,False,True,False,speechiness,0.0275666666666666,4.742891527535873
78.0,Jon Bryant,Evening Sun,23FJw5F8nipFrzkZviz5vQ,29,2012,acoustic,0.45,0.254,11,-13.203,1,0.0299,0.756,0.0177,0.104,0.195,77.396,214703,4,Low,True,False,False,loudness,-5.779111111111111,0.7764813624867308
79.0,Boyce Avenue,The One That Got Away,1Llvr4v5Y0rZtm494ak7oh,42,2012,acoustic,0.655,0.502,8,-7.962,1,0.0349,0.579,0.0,0.117,0.368,123.931,247705,4,Medium,True,False,False,liveness,0.0,1.5732859293408126
80.0,Steve Petrunak,Have Yourself a Merry Little Christmas,2aIibN0HnNczY7sQQi4JIg,28,2012,acoustic,0.461,0.135,7,-14.374,1,0.0645,0.947,0.881,0.11,0.197,137.922,159280,4,Low,False,True,False,speechiness,0.0,5.008830031222939
81.0,Otis Spann,Someday (Electric),5ZUxxja3WzBZUFF6P9M9HN,34,2012,acoustic,0.581,0.333,0,-14.209,1,0.032,0.944,0.472,0.332,0.488,94.197,206800,3,Medium,True,False,False,valence,0.288,3.532805927599899
82.0,Harley Poe,Vampire's Night Out,7jN7uoP2ov1VVo9XguFEio,27,2012,acoustic,0.365,0.522,9,-7.854,1,0.0702,0.174,0.0,0.182,0.492,166.242,252213,4,Low,False,False,False,danceability,0.565,2.004439860130546
83.0,Harley Poe,That Time Of The Month,7dWYhwVvcWIKsXaPBLdDHg,27,2012,acoustic,0.567,0.609,2,-7.941,1,0.0767,0.173,2.13e-06,0.15,0.522,92.506,257147,4,Low,False,False,False,loudness,0.0,2.285897628008108
84.0,Boyce Avenue,I Want It That Way,16COzZ7jCVn3O8b8ZgviOx,39,2012,acoustic,0.361,0.273,2,-9.805,1,0.0314,0.798,0.0,0.0962,0.306,199.366,215161,4,Medium,True,False,False,liveness,0.0,1.407742337850788
85.0,Ron Pope,In My Bones,6UkuYlZarpxN8rSG10ewSk,33,2012,acoustic,0.492,0.639,10,-6.067,1,0.0382,0.591,5.53e-06,0.0794,0.304,151.915,208267,4,Medium,True,False,False,liveness,0.0,1.2689750641496644
86.0,Joshua Radin,Tomorrow Is Gonna Be Better,24UET6X7UiKFuv0DCutYis,24,2012,acoustic,0.498,0.217,6,-12.042,1,0.0305,0.536,0.00013,0.126,0.605,111.735,169547,4,Low,True,False,False,loudness,0.0,3.187368899533265
87.0,AJJ,Hate Song for Brains,6WWw88Mk3GFQbtspaY6ddH,26,2012,acoustic,0.533,0.523,2,-5.645,1,0.0284,0.324,8.41e-05,0.116,0.492,145.113,143613,4,Low,True,False,False,danceability,0.7330000000000001,2.655581739757828
88.0,Boyce Avenue,Will You Be There,3D2A4RVGIEzqzhXGgzocuU,35,2012,acoustic,0.431,0.383,0,-8.092,1,0.0283,0.709,0.0,0.109,0.232,82.471,207629,4,Medium,True,False,False,liveness,0.0,1.0676060165306185
89.0,Boyce Avenue,A Thousand Miles,4vNGuGIIzh6soeBTw8hjfq,41,2012,acoustic,0.564,0.731,9,-7.538,1,0.0295,0.517,3.48e-06,0.105,0.257,95.036,244174,4,Medium,False,False,False,acousticness,0.317,0.8737407058679594
90.0,Boyce Avenue,With or Without You,6sT9s9sILm7LkgVzyjwcEP,38,2012,acoustic,0.483,0.285,5,-8.994,1,0.0271,0.791,0.0,0.13,0.116,105.42,243187,4,Medium,True,False,False,liveness,0.0,1.5574659338329369
91.0,Boyce Avenue,Breakeven (Falling to Pieces),5A0Bjgk5tQM3hRWxPpafmd,35,2012,acoustic,0.604,0.324,7,-9.706,1,0.0306,0.598,0.0,0.136,0.407,92.636,255242,4,Medium,True,False,False,liveness,0.0,1.5272126862199291
92.0,Jaymay,Niagara Falls,4lomrPZgyfrilub7E92rdj,28,2012,acoustic,0.485,0.208,6,-10.049,1,0.0295,0.809,0.000147,0.138,0.136,92.942,119493,4,Low,True,False,False,liveness,0.0,1.6410403816136814
93.0,Boyce Avenue,Wherever You Will Go,6qrmX6Kzw4Yhrftev3RENE,39,2012,acoustic,0.669,0.31,2,-7.844,1,0.0273,0.619,0.0,0.108,0.199,112.075,204888,4,Medium,True,False,False,liveness,0.0,1.5732859293408126
94.0,Boyce Avenue,Payphone,1jfvBRXzBY2eCzF75i67qw,41,2012,acoustic,0.65,0.655,7,-5.358,1,0.0309,0.213,0.0,0.134,0.546,109.931,218124,4,Medium,False,False,False,valence,0.346,0.9905179337887482
95.0,Jason Mraz,I Won't Give Up - Demo,6RLkxQmjmbB6ItZBOwSK73,28,2012,acoustic,0.467,0.234,4,-10.538,1,0.0362,0.821,2.15e-06,0.105,0.126,142.718,315983,3,Low,True,False,False,loudness,0.0,1.5271888036560777
96.0,Johnnyswim,Adelina,1KUgTKdoh0DKIbIIedAscB,24,2012,acoustic,0.528,0.443,5,-6.884,1,0.0267,0.738,0.0,0.182,0.302,82.924,218195,4,Low,True,False,False,liveness,0.0,2.426675087242124
97.0,Drew Holcomb & The Neighbors,"Don't Think Twice, It's Alright",6wGoWEBRj1cQTafm7sg4ZM,28,2012,acoustic,0.535,0.587,4,-8.174,1,0.0308,0.396,0.00119,0.121,0.6,78.162,279221,4,Low,True,False,False,valence,0.3999999999999999,1.549475931393964
98.0,Mark Lanegan,St Louis Elegy,1r3aX7XuYrtPcJ1tqpmA01,35,2012,acoustic,0.46,0.405,9,-9.627,1,0.0257,0.387,0.0346,0.119,0.161,155.528,273840,4,Medium,True,False,False,instrumentalness,0.0,1.442139694153866
99.0,Boyce Avenue,We Found Love,1mzqQq3PJyTEbI1yN4uGmD,39,2012,acoustic,0.65,0.561,11,-8.6,1,0.0282,0.579,3.22e-06,0.0909,0.331,127.926,217376,4,Medium,True,False,False,liveness,0.0,1.5732859293408126
100.0,Jason Mraz,5/6,4Cd1nnR2RKdbFN2eTaxAFR,26,2012,acoustic,0.468,0.614,5,-8.272,1,0.0404,0.161,1.9e-06,0.337,0.71,155.574,357213,3,Low,False,False,False,valence,0.51,4.815199532849135
101.0,Joshua James,Coal War - from Sons of Anarchy,1comtwISxatJvVAAbugM9g,29,2012,acoustic,0.608,0.454,6,-7.477,1,0.0375,0.0151,0.0,0.198,0.222,82.004,313080,4,Low,False,False,False,speechiness,0.2375,2.2805077202614648
102.0,Steve Petrunak,I'll Be Home for Christmas,4naAhPrJLFdL62ymCOtLZc,27,2012,acoustic,0.523,0.115,7,-15.325,1,0.108,0.927,0.861,0.0957,0.172,127.281,149413,4,Low,False,True,False,speechiness,0.0,5.362468223717103
103.0,Boyce Avenue,Without You,0Wb9s9oeJCNikrMNmli8lc,40,2012,acoustic,0.512,0.388,1,-8.62,1,0.0309,0.653,0.0,0.0915,0.167,125.223,208493,4,Medium,True,False,False,liveness,0.0,1.5502423378507864
104.0,Josh Garrels,Run,38NCfJBaaAb3PQSLM6KRht,25,2012,acoustic,0.677,0.885,10,-7.463,1,0.0294,0.0671,0.016,0.514,0.857,115.033,243942,4,Low,False,False,False,loudness,0.0,1.567547216306977
105.0,Jason Mraz,Who's Thinking About You Now?,530jQ6wTfWrdM1yNCPwdDt,26,2012,acoustic,0.554,0.5,3,-10.572,0,0.0338,0.188,1.08e-05,0.113,0.299,144.237,287653,4,Low,False,False,False,loudness,0.0,3.0372486084856014
106.0,Mark Lanegan,The Gravedigger's Song,0U7I0dlEa9rzyTTQLZOJCn,35,2012,acoustic,0.321,0.81,9,-7.412,0,0.0702,0.00717,0.0495,0.179,0.195,185.904,223107,3,Medium,False,False,False,instrumentalness,0.0,5.648490149856318
107.0,Jon Bryant,Carolina,431aJf5rb7MRvRK04Y1pZP,25,2012,acoustic,0.509,0.24,5,-10.105,1,0.0344,0.909,0.0,0.109,0.348,79.227,246251,4,Low,True,False,False,loudness,-6.603333333333334,1.8667296844030723
108.0,Steve Petrunak,Joy to the World,1R2y8R0KJxhvQILUUjTTMD,26,2012,acoustic,0.543,0.301,7,-12.243,1,0.0508,0.921,0.893,0.125,0.458,124.22,143106,4,Low,False,True,False,speechiness,0.0,5.885205244028979
109.0,Sanders Bohlke,The Loved Ones,51Z96PI1usQ6271y7J5bFb,28,2012,acoustic,0.36,0.167,10,-12.583,0,0.0306,0.956,0.00631,0.111,0.156,139.193,283200,3,Low,True,False,False,danceability,0.5155555555555555,1.5132972989213478
110.0,Kris Allen,My Weakness,1FodcO2NcaGsjIHlu6Nni0,28,2012,acoustic,0.615,0.771,8,-4.054,1,0.0754,0.0509,0.0,0.0758,0.91,93.88,163427,4,Low,False,False,False,speechiness,0.2754,1.355219174266132
111.0,Jason Mraz,I'm Coming Over,7CQPMuC66RwBvh5KUUZIjH,25,2012,acoustic,0.465,0.459,9,-12.185,1,0.0291,0.347,0.0155,0.289,0.28,98.163,269031,4,Low,True,False,False,danceability,0.665,1.8124317191582089
112.0,Boyce Avenue,Skyscraper,3nCQzV8Nb1o1aIC2g88Rrx,38,2012,acoustic,0.453,0.337,7,-9.027,1,0.0555,0.406,0.0,0.106,0.427,207.849,227028,4,Medium,True,False,False,loudness,0.0,3.889687710562537
113.0,Kaki King,Bowen Island,2HInMgktCFmyvZesbLhduq,26,2012,acoustic,0.525,0.407,1,-14.784,0,0.0354,0.607,0.95,0.102,0.347,139.98,170438,4,Low,False,True,False,danceability,0.7250000000000001,1.137082197750125
114.0,Boyce Avenue,It Will Rain,3Awljtm8xO7sQxCkxAwUyd,39,2012,acoustic,0.433,0.417,9,-9.062,1,0.0452,0.484,0.0,0.111,0.176,73.997,268212,4,Medium,True,False,False,loudness,0.0,2.208743269879317
115.0,Jon McLaughlin,I'll Follow You,43gcMBIeIDxFVdqLLNDuBu,27,2012,acoustic,0.312,0.33,8,-9.474,1,0.0273,0.896,0.000328,0.11,0.279,89.803,273267,4,Low,True,False,False,danceability,0.512,2.306656696880488
116.0,Boyce Avenue,Rolling In The Deep,3bWGIcOnxnaHkc9Wb9BIdK,42,2012,acoustic,0.663,0.571,4,-6.505,0,0.0351,0.627,0.0,0.337,0.26,105.055,260373,4,Medium,True,False,False,acousticness,0.427,2.2865098397579047
117.0,Meiko,Leave the Lights On - Culture Code Remix,0F8yv1d2wHWGvT9LN8lu5S,22,2012,acoustic,0.577,0.592,1,-9.729,0,0.0298,0.0038,0.416,0.358,0.32,139.998,326907,4,Low,False,False,True,duration_ms,217938.2,1.5326285627551748
118.0,Boyce Avenue,Set Fire to the Rain,6qFnAsON1WA0q96PjTlgot,38,2012,acoustic,0.579,0.273,9,-9.2,0,0.0312,0.955,0.0,0.122,0.339,110.047,252901,4,Medium,True,False,False,acousticness,0.7549999999999999,1.03220197264044
119.0,Ichiko Aoba,anata no kazari,4vU0btmY9gJdjoCY1aQ6lB,27,2012,acoustic,0.525,0.0719,5,-17.177,1,0.0472,0.99,0.0245,0.138,0.186,133.111,277987,4,Low,True,False,False,speechiness,0.0274666666666666,6.915716503437711
120.0,Boyce Avenue,She Will Be Loved,32SjCGePcnCkvWAbsQ8T1l,39,2012,acoustic,0.421,0.398,2,-5.939,1,0.0324,0.862,0.0,0.0765,0.323,103.168,250653,4,Medium,True,False,False,liveness,0.0,1.5502423378507864
121.0,Jason Mraz,Frank D. Fixer,5noTaf7614u8970wOMYgIE,26,2012,acoustic,0.662,0.665,7,-7.732,1,0.0294,0.112,1.02e-06,0.131,0.543,90.982,285160,4,Low,False,False,False,valence,0.343,2.566574518195804
122.0,Boyce Avenue,Jumper,6B6unwaKEYAUvhJuERHQO3,31,2012,acoustic,0.716,0.446,0,-9.291,1,0.0307,0.0847,0.0,0.189,0.62,90.958,228435,4,Low,False,False,False,loudness,0.0,3.547609823613783
123.0,Boyce Avenue,With Arms Wide Open,1B1LKE0U8TqigfThDR4No0,36,2012,acoustic,0.45,0.369,0,-6.539,1,0.029,0.709,0.0,0.128,0.164,141.077,248200,4,Medium,True,False,False,liveness,0.0,1.4700318800629617
124.0,Noah Gundersen,Family - from Sons of Anarchy,7k7NljRsKSl5sTgc2aUMHO,30,2012,acoustic,0.442,0.165,6,-13.955,0,0.0345,0.867,0.0029,0.156,0.15,110.188,213667,3,Low,True,False,False,loudness,0.0,2.980328528057594
125.0,Boyce Avenue,Jar of Hearts,5indGtlR04vAgxadH91Avq,38,2012,acoustic,0.572,0.252,5,-9.057,1,0.0325,0.68,0.0,0.179,0.215,75.014,246133,4,Medium,True,False,False,liveness,0.0,2.5750292702234816
126.0,Boyce Avenue,Back for Good,2OElXSjcpQDx0AsFR31pzA,40,2012,acoustic,0.565,0.334,3,-9.271,1,0.0298,0.805,0.0,0.11,0.61,79.064,240167,4,Medium,True,False,False,valence,0.41,2.4581047815049466
127.0,Matthew Mayfield,Take What I Can Get,6hUtLSw6vqaztCPHZ56gAl,28,2012,acoustic,0.334,0.347,4,-10.888,1,0.0299,0.315,0.0,0.0766,0.0632,96.9,268426,4,Low,True,False,False,loudness,0.0,3.536723543469116
128.0,Jenny & Tyler,See The Conqueror,74m2VSn09mtORFf6oria7A,23,2012,acoustic,0.558,0.485,9,-7.878,1,0.035,0.468,0.0,0.0912,0.389,150.111,217733,3,Low,True,False,False,acousticness,0.268,1.4789166980231734
129.0,Boyce Avenue,Last Kiss,17nTRIt0yUy4Sa9zF7GBFO,34,2012,acoustic,0.563,0.283,11,-11.309,1,0.0286,0.864,0.0,0.108,0.187,80.14,362570,3,Medium,True,False,False,loudness,0.0,2.3467857478277487
130.0,Jason Mraz,The Woman I Love - Live,3H3OMA1T5wlD28HnOjnNID,25,2012,acoustic,0.586,0.299,4,-13.557,1,0.0393,0.532,0.0,0.339,0.62,81.559,200266,4,Low,True,False,False,loudness,0.0,5.716928267735295
131.0,Mark Lanegan,Bleeding Muddy Water,354rsPvcUmElBPPMTZ1Xq1,32,2012,acoustic,0.507,0.482,10,-9.792,1,0.0306,0.47,0.0868,0.111,0.168,117.894,377520,4,Low,True,False,False,instrumentalness,0.0,4.313732103583526
132.0,Harley Poe,Father McKee,7MwwL39IJcY2hioKsl3Hdr,24,2012,acoustic,0.564,0.618,0,-7.885,1,0.0312,0.0647,0.0099,0.305,0.693,91.257,164760,4,Low,False,False,False,danceability,0.764,2.0616269953920927
133.0,NEEDTOBREATHE,Solomon's Ashes - B-Side,6jD0vPIy9xNqbHNbdchEHi,23,2012,acoustic,0.386,0.958,9,-3.384,1,0.0631,0.0107,0.00241,0.127,0.419,187.999,201680,4,Low,False,False,False,instrumentalness,0.0,3.367196252911267
134.0,Boyce Avenue,Firework,50yShdGMlkCQKPKl9lr8pG,37,2012,acoustic,0.579,0.483,0,-7.847,1,0.0276,0.715,0.0,0.15,0.352,116.042,285737,4,Medium,True,False,False,liveness,0.0,1.895663593567516
135.0,David Ramirez,Stick Around,3N7IFsjrOibzV5PqtFk2gT,23,2012,acoustic,0.608,0.354,4,-11.623,1,0.0373,0.181,1.69e-05,0.279,0.37,115.718,185973,4,Low,True,False,False,loudness,0.0,5.801680305125682
136.0,Jason Mraz,In Your Hands,7kzMRQciSdCPOE0N6GXBXK,24,2012,acoustic,0.677,0.341,6,-14.562,1,0.035,0.77,0.000624,0.122,0.402,136.176,291347,4,Low,True,False,False,loudness,0.0,2.363457914513024
137.0,Corporate Hearts,Suck on Soil Lounge Act,6yTE22JhMXkrMR3XsoGbxQ,23,2012,acoustic,0.307,0.957,2,-2.166,1,0.0747,0.189,0.0,0.205,0.643,106.178,62485,3,Low,False,False,False,danceability,0.507,3.9738858932828816
138.0,Drew Holcomb & The Neighbors,Learning to Fly,4uIEThFPflLuKfDmmB8ZNl,22,2012,acoustic,0.685,0.737,0,-5.355,1,0.0301,0.376,0.000365,0.142,0.484,115.634,185233,4,Low,False,False,False,instrumentalness,0.0,1.6151105420568328
139.0,Jon McLaughlin,Summer Is Over,3MgJZsiw4oS1PsPQG2YsGj,26,2012,acoustic,0.517,0.682,0,-5.301,1,0.0315,0.0338,1.07e-05,0.167,0.254,130.004,300533,4,Low,False,False,False,instrumentalness,0.0,2.127455904386885
140.0,Boyce Avenue,Only Girl (In the World),4KIv4r54Y0RneYx8GWTdgC,35,2012,acoustic,0.719,0.56,11,-9.532,1,0.0341,0.645,0.0,0.0707,0.466,118.094,237849,4,Medium,True,False,False,liveness,0.0,1.8545532030419416
141.0,Ingrid Michaelson,I'm Through,7KxMq2YidfuQWOayvcoKUb,23,2012,acoustic,0.265,0.16,7,-12.916,0,0.0375,0.873,8.22e-05,0.0815,0.0529,71.912,207493,3,Low,True,False,False,loudness,0.0,3.696288032726951
142.0,Greg Laswell,Landline,2EWGco6TH7zyW6lPKOijUQ,24,2012,acoustic,0.383,0.464,11,-6.85,1,0.029,0.76,7.45e-05,0.203,0.183,169.95,293493,4,Low,True,False,False,liveness,0.003,3.080039566632397
143.0,Matt Wertz,Snow Globe,0tc5oRonHjo4cI9e5bhLSD,23,2012,acoustic,0.627,0.679,9,-7.146,1,0.0305,0.027,0.0,0.0928,0.68,128.086,195360,4,Low,False,False,False,loudness,0.0,3.146151534997351
144.0,Get Dead,This One's for Johnny,6mFsYlDjG2Esy5hXhNy78t,27,2012,acoustic,0.482,0.772,1,-5.128,1,0.0318,0.0265,0.0,0.269,0.586,129.91,195640,4,Low,False,False,False,danceability,0.6819999999999999,2.3560318123610458
145.0,Boyce Avenue,Shimmer,4Qg2PKNifKhK0zUfSp5AF3,31,2012,acoustic,0.625,0.595,6,-7.52,1,0.0341,0.376,0.0,0.218,0.367,114.698,200895,4,Low,False,False,False,acousticness,0.176,1.5948311642512536
146.0,(Person) (Noun),A Punk Song About How Law Enforcement Ruins Everything,08ghdigTArcRWO12GdojbN,21,2012,acoustic,0.501,0.574,3,-5.168,1,0.0479,0.351,0.0,0.106,0.777,81.45,172111,4,Low,False,False,False,valence,0.577,2.73198843653368
147.0,Kaki King,Skimming the Fractured Surface to a Place of Endless Light,7qT0I32aQseLqqt3tAZRBt,24,2012,acoustic,0.641,0.235,6,-17.22,1,0.0365,0.721,0.895,0.112,0.324,116.166,210221,4,Low,False,True,False,duration_ms,93432.0222222222,2.34636000471048
148.0,Boyce Avenue,We Are Young,0WjTnatR8L132K6jckMsLD,38,2012,acoustic,0.437,0.352,2,-11.511,1,0.0286,0.673,0.0,0.117,0.419,83.034,237687,4,Medium,True,False,False,loudness,0.0,2.5477939923110853
149.0,Sara Bareilles,Lie To Me,15zarGPJkaG3btC3Co7Luo,23,2012,acoustic,0.683,0.622,4,-6.878,0,0.0425,0.0516,0.000177,0.0937,0.795,94.999,238533,4,Low,False,False,False,loudness,0.0,1.88606632574426
150.0,Boyce Avenue,Grenade,0Mn7mWp0ALaK38J8nbYGU1,36,2012,acoustic,0.372,0.187,8,-9.663,0,0.0321,0.875,0.0,0.193,0.317,102.696,242307,4,Medium,True,False,False,liveness,0.0,3.420933968526672
151.0,Daryl Shawn,All Is Forgiven,3ZX6UTRnmdnMs2DB8JgryB,21,2012,acoustic,0.291,0.241,2,-21.785,1,0.05,0.913,0.896,0.119,0.381,93.723,221427,4,Low,False,True,False,speechiness,0.0,4.541461861052317
152.0,Boyce Avenue,Perfect,6bi5QcHuwZx0MWM5cPcOie,36,2012,acoustic,0.348,0.48,1,-7.141,1,0.0324,0.323,0.0,0.165,0.236,92.491,208173,4,Medium,True,False,False,danceability,0.548,1.915975888146232
153.0,Taj Mahal,Butter,6AhRjuwY1b3wlan2DxPQRp,26,2012,acoustic,0.563,0.197,2,-11.112,1,0.0514,0.593,0.468,0.11,0.516,74.368,167653,4,Low,True,False,False,speechiness,0.0,2.9404956318896183
154.0,Matthew Perryman Jones,Land of the Living,75NxkuOkcV48r9PPjIN1TJ,27,2012,acoustic,0.391,0.759,2,-7.843,1,0.0402,0.163,0.0106,0.158,0.212,136.069,364533,4,Low,False,False,False,instrumentalness,0.0,7.244851249924512
155.0,Steve Petrunak,Little Drummer Boy,5uUC4BNJ556zr7uqLWZOG6,23,2012,acoustic,0.429,0.169,3,-13.758,1,0.0503,0.93,0.927,0.108,0.18,107.062,184560,4,Low,False,True,False,speechiness,0.0,4.753260338169897
156.0,Eric Bibb,We Don't Care,4a0ohEQ8L4zr9fr4n8iIcb,23,2012,acoustic,0.732,0.317,6,-13.399,0,0.0784,0.517,0.0137,0.098,0.475,81.03,240520,4,Low,True,False,False,speechiness,0.0,3.506648257474588
157.0,Noah Gundersen,He Got Away - from Sons of Anarchy,4rakibNjIUCuzUGAytGOrH,30,2012,acoustic,0.605,0.0946,7,-14.98,1,0.0291,0.861,0.00239,0.108,0.235,137.809,210173,4,Low,True,False,False,acousticness,0.9623333333333332,5.610233779869471
158.0,Boyce Avenue,For the First Time,3OmajA5t8V434eQSSMDpdh,33,2012,acoustic,0.421,0.482,7,-7.787,1,0.0332,0.806,0.0,0.336,0.492,172.718,281947,4,Medium,True,False,False,danceability,0.621,1.4732434505076846
159.0,Boyce Avenue,Airplanes,0majnowXPs9y7KjlGcucyP,35,2012,acoustic,0.661,0.663,6,-7.846,0,0.0966,0.834,0.0,0.109,0.54,93.007,175883,4,Medium,True,False,False,valence,0.34,2.321730685543848
160.0,Tyler Ward,We Found Love - Acoustic,5uXMRPK76nEjSAubcgpL5Y,31,2012,acoustic,0.525,0.166,2,-14.552,0,0.0384,0.87,0.0,0.142,0.305,100.054,187086,4,Low,True,False,False,loudness,0.0,3.273306989350558
161.0,Mark Lanegan,Ode to Sad Disco,0XQQV21AQBskS6BFRL4k5h,34,2012,acoustic,0.408,0.87,5,-5.571,1,0.0487,4.15e-05,0.59,0.392,0.422,116.046,383867,4,Medium,False,False,True,speechiness,0.0,4.842680491961051
162.0,AJJ,Lady Liberty,7LMhBkdtPEIj0mHQsJ4NyY,21,2012,acoustic,0.764,0.375,7,-7.619,1,0.0404,0.749,0.0,0.484,0.88,109.21,133960,4,Low,True,False,False,danceability,0.964,9.004758022817416
163.0,AJJ,Lookin' for a Love,0RyrdYywwknwWtjDQXsZYD,21,2012,acoustic,0.616,0.378,7,-9.709,1,0.0274,0.714,0.0,0.0814,0.305,84.158,190360,4,Low,True,False,False,liveness,0.0,1.573285929340816
164.0,Hannah Trigwell,Hallelujah,2t0GPzo9vURxmfgkTx2Bmf,38,2012,acoustic,0.448,0.125,4,-12.419,1,0.0336,0.978,0.0,0.0863,0.233,97.813,295142,3,Medium,True,False,False,danceability,0.648,6.59681638089031
165.0,Eric Hutchinson,Best Days,0AQW0xp3kmjNZ2sE3KwNrH,21,2012,acoustic,0.696,0.805,2,-4.562,1,0.0244,0.00242,1.2e-05,0.0262,0.825,99.983,244120,4,Low,False,False,False,instrumentalness,0.0,1.8906210639627328
166.0,Eric Hutchinson,The People I Know,4Ax7ux0DqjXO7vBiznYEZg,21,2012,acoustic,0.736,0.787,9,-5.342,1,0.0376,0.0139,0.0,0.0399,0.864,116.984,226627,4,Low,False,False,False,valence,0.6639999999999999,0.6345684376220078
167.0,Steve Petrunak,White Christmas,1RqnQUJqmZVHbiCrza09Lg,22,2012,acoustic,0.401,0.151,0,-13.671,1,0.0533,0.921,0.921,0.12,0.327,81.027,205493,4,Low,False,True,False,speechiness,0.0,4.357996206322996
168.0,Scars On 45,Heart on Fire,1Ok8BY1ph096s1YHDUzQXJ,23,2012,acoustic,0.571,0.847,1,-7.506,1,0.0345,0.242,0.0,0.123,0.459,131.971,219520,4,Low,False,False,False,loudness,0.0,1.2534259772009977
169.0,Ingrid Michaelson,Fire,6ohcFAmjdwQyWNhU7BO03T,21,2012,acoustic,0.418,0.941,5,-4.365,1,0.0886,0.123,0.0,0.124,0.432,79.924,201000,4,Low,False,False,False,danceability,0.618,0.9024338245090746
170.0,Johnnyswim,Home,2m5N4awG3sG1I4vH9MTDP1,21,2012,acoustic,0.7,0.8,0,-4.732,1,0.0618,0.392,0.0,0.149,0.847,110.008,212416,4,Low,False,False,False,acousticness,0.192,4.363999994767774
171.0,Boyce Avenue,Best of You,3cuzNcXnUhwqED7kl5vwd6,36,2012,acoustic,0.515,0.385,11,-6.559,1,0.049,0.9,2.09e-06,0.0705,0.363,124.194,234173,4,Medium,True,False,False,liveness,0.0,1.5502423378507864
172.0,NEEDTOBREATHE,Keep Your Eyes Open - Acoustic Version,0eC2E0sd67p1olyQFYLR3s,21,2012,acoustic,0.557,0.768,9,-5.9,1,0.0427,0.309,0.0,0.198,0.62,75.039,245590,4,Low,False,False,False,acousticness,0.1089999999999999,2.081306918596198
173.0,Ingrid Michaelson,Do It Now,0vJVq3K16luwPw54DBmKe6,21,2012,acoustic,0.769,0.658,10,-6.712,1,0.0333,0.449,0.000182,0.103,0.777,121.004,196747,4,Low,False,False,False,valence,0.577,2.9844268923075745
174.0,Steve Petrunak,Hark! The Herald Angels Sing,55zSbbABalE4xxa9NUvChE,22,2012,acoustic,0.613,0.183,7,-12.661,1,0.0545,0.912,0.96,0.128,0.509,98.657,160706,4,Low,False,True,False,speechiness,0.0,6.1945879798715335
175.0,AJJ,Dipping Things in Stuff,5OY3c9YchGlH0wbIT3FD7g,21,2012,acoustic,0.769,0.572,7,-5.869,1,0.0307,0.491,0.197,0.112,0.915,88.351,99133,4,Low,True,False,False,valence,0.7150000000000001,2.623586408830157
176.0,Joshua Radin,Underwater,5EXiJK0i9B9zWvkYZd1iFt,18,2012,acoustic,0.406,0.487,1,-10.958,1,0.0333,0.487,0.124,0.108,0.341,107.746,284333,4,Low,True,False,False,instrumentalness,0.036,0.519664111049547
177.0,Ichiko Aoba,sanbiki no kuma,006bSCF5D7Z547EuVKSiRK,22,2012,acoustic,0.49,0.0289,8,-18.037,1,0.0391,0.992,0.00218,0.0956,0.232,109.197,280560,4,Low,True,False,False,danceability,0.69,7.618681759597386
178.0,Joey Cape,I Must Be Hateful,0Lg0A8dSTrqdt0uhJBYtgn,26,2012,acoustic,0.584,0.309,5,-8.913,1,0.031,0.878,0.0,0.113,0.429,140.757,198107,4,Low,True,False,False,liveness,0.0,1.4702228159407582
179.0,Boyce Avenue,Nothin' on You / My Love / Rocketeer,2GKhXT8pBJc35YGvXkbn6j,32,2012,acoustic,0.578,0.308,2,-12.729,0,0.0315,0.826,0.0,0.374,0.282,106.425,278227,4,Low,True,False,False,loudness,0.0,4.513173184975265
180.0,Joshua James,No Milk Today - from Sons of Anarchy,0h8sphCgaczfLyzKYITefq,26,2012,acoustic,0.521,0.542,9,-7.998,1,0.0305,0.0203,0.0716,0.0857,0.261,96.988,263760,4,Low,False,False,False,instrumentalness,0.0,3.49573454486524
181.0,Boyce Avenue,Just a Kiss,6STurd0ZGrYfqldGUS8Io6,33,2012,acoustic,0.603,0.627,10,-7.244,0,0.0353,0.532,0.0,0.129,0.31,142.93,215177,4,Medium,True,False,False,acousticness,0.332,1.0461052212517783
182.0,Greg Laswell,Another Life To Lose,00G0cFfgXWwK3BH3DGxrTQ,24,2012,acoustic,0.459,0.748,7,-5.785,1,0.0284,0.0329,0.00113,0.164,0.246,150.057,247973,4,Low,False,False,False,instrumentalness,0.0,2.8056714419887534
183.0,Boyce Avenue,Just Can't Get Enough,42GCZwdW8qxuexRGuHJl55,35,2012,acoustic,0.741,0.622,3,-9.217,0,0.258,0.452,0.0,0.115,0.325,93.977,212406,4,Medium,True,False,False,loudness,0.0,1.3910866697698765
184.0,Jason Mraz,I Never Knew You - Live,2wOZVKXMZQvEyHcY9rQzU3,22,2012,acoustic,0.477,0.273,4,-12.113,0,0.0373,0.682,0.0,0.688,0.0882,147.998,535111,4,Low,True,False,False,loudness,0.0,3.196073116616791
185.0,Boyce Avenue,Jeremy,7kEGGdM9TMw9QjjVcTt42x,30,2012,acoustic,0.607,0.33,2,-9.607,1,0.0326,0.51,0.0,0.104,0.221,104.695,298180,4,Low,True,False,False,speechiness,0.2326,2.1522335691161203
186.0,Mark Lanegan,Phantasmagoria Blues,1UsUjgxG2nFa6GgG2KND5g,29,2012,acoustic,0.562,0.47,5,-10.7,1,0.0299,0.533,0.0846,0.156,0.267,107.963,195960,4,Low,True,False,False,liveness,0.0395555555555555,1.5123133170209755
187.0,Boyce Avenue,The A Team,5FCl747EStpEffRsd2Qbxp,31,2012,acoustic,0.507,0.195,7,-11.657,1,0.0402,0.865,0.0,0.0602,0.282,80.26,282173,4,Low,True,False,False,loudness,0.0,2.3400168509129315
188.0,Boyce Avenue,Water Runs Dry,7xJztdi210scTxzqLYw3JN,30,2012,acoustic,0.596,0.201,9,-11.341,0,0.0271,0.884,0.0,0.0876,0.439,89.981,202227,4,Low,True,False,False,acousticness,0.9648888888888888,6.58513840723829
189.0,Fuyumi Abe,希望のうた,24dq1uvUoVVQ6WMwFTqUPl,34,2012,acoustic,0.384,0.0751,2,-16.534,1,0.0436,0.955,1.23e-06,0.132,0.254,162.503,245747,3,Medium,True,False,False,danceability,0.5840000000000001,4.631408676597925
190.0,AJJ,Skipping Stone,51ocbwPg5kEeDgZH1eQ71J,19,2012,acoustic,0.762,0.628,0,-4.554,1,0.0379,0.531,0.0,0.107,0.829,106.092,115227,4,Low,True,False,False,valence,0.629,3.211642681094146
191.0,AJJ,This Is Not a War,7lwkgy6neVU6WYeeZmwoeC,20,2012,acoustic,0.684,0.601,7,-4.644,1,0.0431,0.275,0.0,0.124,0.732,109.192,197747,4,Low,False,False,False,acousticness,0.075,2.986165769406377
192.0,Ron Pope,I Do Not Love You,7ppd3SVpYfKVTWYooDIpup,22,2012,acoustic,0.547,0.307,3,-11.464,1,0.0274,0.71,0.000941,0.133,0.135,93.034,229747,4,Low,True,False,False,loudness,0.0,1.903759781535776
193.0,Tony Sly,Soulmate,67XaJoa6mpodNciqYMQmLy,27,2012,acoustic,0.513,0.657,5,-3.96,1,0.0275,0.336,0.0,0.0681,0.819,155.935,217427,4,Low,False,False,False,valence,0.619,3.42752335220662
194.0,AJJ,Hate & Kill,2g1NxVJac1P1grmNp5mfb4,20,2012,acoustic,0.436,0.99,9,-5.326,1,0.0814,4.3e-05,0.000176,0.141,0.116,103.56,74533,4,Low,False,False,False,danceability,0.636,6.207832120047332
195.0,Tyler Ward,Paradise - Acoustic,5Qpe1Tw0y2sUdIdvicdtJS,32,2012,acoustic,0.584,0.463,5,-10.332,1,0.0322,0.622,0.0,0.0792,0.384,142.007,209839,4,Low,True,False,False,loudness,0.0,2.171912709879482
196.0,Kris Allen,The Vision of Love,2OVSlo1c9nYjJ3qqKQIkZR,27,2012,acoustic,0.614,0.797,10,-5.575,1,0.0345,0.00202,0.0,0.166,0.338,117.981,214640,4,Low,False,False,False,danceability,0.7695555555555555,0.2640585837435623
197.0,Jason Mraz,I’m Yours,5smPViFYtztTo7ww9gJXpD,29,2012,acoustic,0.549,0.107,0,-16.147,1,0.0844,0.957,0.0,0.111,0.307,74.63,219053,4,Low,True,False,False,speechiness,0.0,4.76115369435597
198.0,Jason Reeves,More in Love With You (feat. Nelly Joy),288rPrDfex8ads1nO4gGpi,23,2012,acoustic,0.52,0.293,1,-12.618,1,0.0303,0.802,0.0,0.107,0.521,151.955,281933,4,Low,True,False,False,loudness,-4.139333333333334,2.8493898364221124
199.0,Tyler Ward,Red,1aLnDN8v257cJUgkplnTOy,25,2012,acoustic,0.706,0.392,3,-8.44,0,0.0279,0.15,0.0117,0.117,0.539,125.025,204600,4,Low,False,False,False,instrumentalness,0.0,2.201015809312711
200.0,Johnnyswim,Heart Beats,1lh0ca3jjIysThpLxfjMH2,19,2012,acoustic,0.465,0.752,11,-5.003,0,0.0494,0.466,0.0,0.138,0.341,129.766,206646,4,Low,False,False,False,danceability,0.6205555555555555,1.2317921830536598
201.0,Boyce Avenue,Lights,2mdxZbS0rjbkl5gaE28b85,30,2012,acoustic,0.691,0.348,10,-7.633,0,0.0314,0.73,0.0,0.106,0.357,118.237,211187,4,Low,True,False,False,liveness,0.0,1.5574103458990756
202.0,Boyce Avenue,Dynamite,5eWwgBxTCyJnCOZ5kh8tq7,34,2012,acoustic,0.735,0.515,2,-8.524,1,0.0407,0.617,0.0,0.0928,0.584,115.28,230320,4,Medium,True,False,False,valence,0.3839999999999999,3.182033148168717
203.0,Ingrid Michaelson,Blood Brothers,0KZw9ygUfo5AezBxU8L0aB,20,2012,acoustic,0.631,0.816,5,-4.399,1,0.0258,0.19,0.000174,0.116,0.415,129.999,192293,4,Low,False,False,False,instrumentalness,0.0,3.0689163578039
204.0,Dan Andriano in the Emergency Room,"Of Peace, Quiet And Monsters",1VdQTD2rFIYWpFngckkmSS,20,2012,acoustic,0.479,0.285,1,-12.619,0,0.0327,0.942,0.0437,0.111,0.618,104.933,261000,4,Low,True,False,False,speechiness,0.0,3.128586458027719
205.0,Josh Kelley,Almost Honest,7zgjmHItVpoClD39UDJk71,23,2012,acoustic,0.515,0.577,3,-4.057,1,0.0277,0.264,0.0,0.168,0.386,141.781,197544,4,Low,False,False,False,danceability,0.7150000000000001,1.6390002227907736
206.0,A Fine Frenzy,Pinesong,0dxuoyXyQslh83KUzNkTCf,17,2012,acoustic,0.588,0.31,6,-16.313,0,0.0381,0.322,0.179,0.0757,0.0718,122.036,463040,4,Low,True,False,False,instrumentalness,0.0,3.86593181415261
207.0,AJJ,Lucky Strike,01qsvOsRL8FGd5cghQJXIv,19,2012,acoustic,0.659,0.443,7,-4.493,1,0.0358,0.494,0.0,0.0951,0.653,137.058,96667,4,Low,True,False,False,valence,0.453,2.3166449323501226
208.0,Jason Mraz,The World as I See It - Live,70mrEnltTjQre4AYufBhPk,21,2012,acoustic,0.496,0.304,9,-13.277,1,0.0694,0.678,0.0,0.476,0.388,118.716,514848,4,Low,True,False,False,loudness,-7.265000000000001,7.805601754095306
209.0,Hana Sekitori,10月のあなた,24lx6wmteh98ewSupJUQ7B,31,2012,acoustic,0.824,0.196,10,-7.769,1,0.0306,0.888,0.0,0.123,0.582,96.911,254120,4,Low,True,False,False,acousticness,0.9653333333333334,4.260514589354543
210.0,Green River Ordinance,Heart of Me,2LaoI1GMcL2fBO4uZfmon7,18,2012,acoustic,0.523,0.782,9,-4.617,1,0.0308,0.0378,0.0,0.352,0.588,122.031,209773,4,Low,False,False,False,danceability,0.7230000000000001,1.495470486191298
211.0,Scars On 45,Give Me Something,4jkHmRrFNERDvFiwM1nr4j,19,2012,acoustic,0.531,0.658,6,-6.129,0,0.0298,0.19,0.0,0.15,0.35,139.945,201480,4,Low,False,False,False,danceability,0.7310000000000001,1.6875215483107766
212.0,Ron Pope,October Trees,7I6QEqTcJkCr43CKu7Hzlp,24,2012,acoustic,0.659,0.74,7,-6.706,0,0.0526,0.611,6.27e-05,0.155,0.396,110.046,264493,4,Low,True,False,False,liveness,0.0,1.6194520705791646
213.0,Rodrigo y Gabriela,Diabo Rojo - Area 52 Version,3xhC4SC7UuHzGLjLGDYTw6,16,2012,acoustic,0.674,0.921,9,-6.541,0,0.042,0.598,0.724,0.0735,0.931,130.017,310440,4,Low,False,False,True,speechiness,0.0268888888888888,4.661900213893913
214.0,Tony Sly,Chasing Rainbows,7y36qo6eYqsIgKoRuup5qA,26,2012,acoustic,0.559,0.752,10,-5.008,1,0.0274,0.35,0.0,0.0906,0.687,103.51,206427,4,Low,False,False,False,valence,0.487,2.290693568701194
215.0,Jack Savoretti,Hate & Love,4nZRvBLAVCC2JJRbCYHilQ,32,2012,acoustic,0.517,0.428,9,-9.825,0,0.029,0.691,0.00531,0.105,0.301,73.472,233469,4,Low,True,False,False,liveness,0.0,1.5712045509486607
216.0,AJJ,Joe Arpaio Is a Punk,1cpgeInv0C0GHOxGLQ6frG,18,2012,acoustic,0.351,0.948,0,-5.251,1,0.0875,0.0109,0.0,0.223,0.455,111.485,138160,4,Low,False,False,False,danceability,0.5509999999999999,3.343643320048104
217.0,Joshua Hyslop,Shelter From The Storm,6APgkRFRBnyvJidv1umcmO,24,2012,acoustic,0.429,0.12,4,-17.165,1,0.0449,0.887,0.000482,0.0985,0.521,174.878,206053,4,Low,True,False,False,loudness,0.0,2.8978353941448525
218.0,Jill Andrews,These Words,0glo4jllxS7sW0Bz5qfV7k,19,2012,acoustic,0.534,0.204,11,-13.705,1,0.0362,0.901,0.000236,0.338,0.188,120.627,290000,4,Low,True,False,False,valence,0.0431111111111111,3.253052433731579
219.0,Eric Hutchinson,Talk Is Cheap,0Z9N0gWeoCUNu2zSKG67OE,19,2012,acoustic,0.616,0.816,9,-4.116,1,0.047,0.0119,0.0,0.35,0.485,169.954,273293,4,Low,False,False,False,duration_ms,242927.04444444444,0.7141354573704355
220.0,Boyce Avenue,Every Teardrop Is a Waterfall,3vdUsTGp7bSsHSK15ZlsS2,31,2012,acoustic,0.45,0.645,9,-7.326,1,0.0411,0.329,0.0,0.179,0.112,118.003,237040,4,Low,False,False,False,danceability,0.6055555555555556,2.145741826042212
221.0,Zee Avi,Concrete Wall - RAC Remix,1SKUJAAfiKLkHDrBPOXdpF,18,2012,acoustic,0.683,0.603,5,-5.772,0,0.0495,0.0346,0.0166,0.074,0.805,170.025,254347,4,Low,False,False,False,instrumentalness,0.0,6.6545443806171605
222.0,Mark Kroos,Flowers for April,2uMAWX0zM8t2xRFAhTWY1x,18,2012,acoustic,0.477,0.0646,6,-18.445,1,0.101,0.829,0.84,0.103,0.206,122.401,263293,4,Low,False,True,False,speechiness,0.0,3.8976454524614574
223.0,Ichiko Aoba,kiseki wa itsudemo,2HlSyQIukNiv4t1sKve8uH,21,2012,acoustic,0.423,0.0391,8,-17.551,1,0.0461,0.987,0.00157,0.0949,0.172,133.742,314867,3,Low,True,False,False,danceability,0.623,8.333611197483995
224.0,Ichiko Aoba,watashi no nusubito,5OSoisyT5dmJIKOtbPcJX6,21,2012,acoustic,0.435,0.0317,3,-19.044,1,0.0377,0.992,0.00311,0.109,0.0562,133.427,311587,4,Low,True,False,False,danceability,0.635,6.151007354856393
225.0,Josh Garrels,Processional (Mason Jar Remix),2oOp14OYYhDVnw1aCzYDAr,18,2012,acoustic,0.502,0.217,2,-12.186,1,0.0342,0.968,0.433,0.11,0.174,150.054,240621,3,Low,False,True,False,duration_ms,80207.59999999998,2.531617737830498
226.0,Frank Turner,I Still Believe,7Gn3EmzREuZ8ORkZQk4e9Z,21,2012,acoustic,0.618,0.85,0,-4.992,1,0.042,0.0604,0.0,0.177,0.5,99.182,225133,4,Low,False,False,False,valence,0.3,0.6769304479253115
227.0,Jack Savoretti,Take Me Home,0ALRetjPWxaoFSMrDIuS87,37,2012,acoustic,0.686,0.656,7,-8.573,1,0.0298,0.00712,1.2e-05,0.0755,0.469,131.856,235880,4,Medium,False,False,False,loudness,0.0,2.188996119935574
228.0,AJJ,Sense & Sensibility,0dEXaj5bknMei0OtrVr7h9,18,2012,acoustic,0.62,0.624,7,-3.78,1,0.0543,0.779,0.0,0.328,0.865,135.172,129000,4,Low,True,False,False,instrumentalness,0.1777777777777777,3.1447666966948145
229.0,AJJ,Fortune Teller,5WwINFDBAGJVYeDtWNryZC,18,2012,acoustic,0.612,0.614,7,-7.972,1,0.0477,0.306,0.0,0.534,0.387,93.238,144200,4,Low,False,False,False,danceability,0.812,2.3766121955004813
230.0,Jason Reeves,You're My Best Friend,2KPf8nsCIjxVZtWOiKM5VK,21,2012,acoustic,0.583,0.393,9,-10.323,1,0.0338,0.858,2.3e-06,0.0971,0.151,121.723,283653,4,Low,True,False,False,loudness,0.0,1.926077831498069
231.0,Steve Petrunak,O Holy Night,55mvDKNrwfLmWwCamCVqYr,18,2012,acoustic,0.413,0.125,7,-15.754,1,0.0479,0.971,0.886,0.111,0.185,97.967,226200,3,Low,False,True,False,speechiness,0.0,4.640207858939183
232.0,Sanders Bohlke,My Baby,012CS1QIhUjjRctJwZasSx,21,2012,acoustic,0.487,0.498,2,-9.091,0,0.0433,0.014,0.00608,0.115,0.39,110.675,171853,4,Low,False,False,False,loudness,0.0,0.9109791734119526
233.0,Joey Cape,Know It All,7hR6iEUjUzwF3gK0MIM9Wo,24,2012,acoustic,0.664,0.607,10,-4.859,1,0.0392,0.671,0.0,0.0785,0.744,147.071,202720,4,Low,True,False,False,valence,0.544,4.356251171167859
234.0,Ingrid Michaelson,End Of The World,2rH8Q0gCdQElBuXac1S20P,18,2012,acoustic,0.563,0.414,10,-7.295,1,0.0275,0.0454,0.0165,0.111,0.134,108.024,224867,3,Low,False,False,False,instrumentalness,0.0,5.591998794525903
235.0,Ingrid Michaelson,This Is War,14GM81g9tm098DQZt2T634,18,2012,acoustic,0.652,0.898,8,-4.844,1,0.0698,0.083,0.00797,0.104,0.65,156.952,199227,4,Low,False,False,False,instrumentalness,0.0,5.05443957438229
236.0,Mark Lanegan,Harborview Hospital,6Cn5R9nEEliMDrwScAFZfX,28,2012,acoustic,0.208,0.806,10,-6.785,1,0.045,0.000135,0.19,0.0996,0.421,108.738,271333,4,Low,False,False,False,instrumentalness,0.0,5.467329241664618
237.0,AJJ,If Jeff Swiney Had a Hammer,5tuV2nTMHAyCu9EwcNUeZa,18,2012,acoustic,0.535,0.939,0,-4.047,1,0.106,0.00944,2.01e-05,0.271,0.665,111.116,77280,4,Low,False,False,False,speechiness,0.306,1.7934852571415263
238.0,Boyce Avenue,Mean,2QoNc4MbHYq9YHZiB006cP,29,2012,acoustic,0.461,0.425,8,-6.974,1,0.0298,0.66,0.0,0.367,0.378,81.758,240159,4,Low,True,False,False,acousticness,0.46,2.067608261215021
239.0,Tristan Prettyman,Never Say Never,3fEL4Hq56pcTkYvpY46XhO,16,2012,acoustic,0.584,0.352,11,-11.333,1,0.033,0.509,0.00695,0.135,0.227,81.927,354400,4,Low,True,False,False,loudness,0.0,2.6416181419557425
240.0,Eric Bibb,On My Way To Bamako,7FBgu3BtKRZgwaQnxTr7RY,19,2012,acoustic,0.632,0.328,0,-12.0,1,0.032,0.795,0.000441,0.115,0.793,91.986,195093,4,Low,True,False,False,danceability,0.8320000000000001,4.206059136932202
241.0,Jack Savoretti,Breaking the Rules,3lxZsowcDLsagnpwYNXSfE,36,2012,acoustic,0.59,0.652,11,-5.702,0,0.0245,0.0956,0.0,0.295,0.398,146.014,214493,4,Medium,False,False,False,danceability,0.79,0.257531922278865
242.0,Tim Myers,A Beautiful World,19nbrRzEM0ldFwbqO0KsZI,22,2012,acoustic,0.534,0.413,11,-9.701,0,0.0289,0.167,1.94e-06,0.147,0.329,138.135,205613,4,Low,False,False,False,loudness,0.0,3.0380186861191483
243.0,Ingrid Michaelson,Black & Blue,7uTVsNFHMTc8yKYSzh0LX8,18,2012,acoustic,0.683,0.768,0,-4.617,1,0.0732,0.0575,5.43e-05,0.0712,0.692,175.042,217187,4,Low,False,False,False,instrumentalness,0.0,2.3405257316217494
244.0,Ingrid Michaelson,Ribbons,7zP7eHb33ROL6KwkFIeBHc,18,2012,acoustic,0.659,0.532,6,-6.099,1,0.0293,0.0723,4.26e-05,0.115,0.368,143.025,207120,4,Low,False,False,False,instrumentalness,0.0,3.185601044554673
245.0,Kris Allen,Fighters,6agssQSBqSqPvg5xepe7T0,20,2012,acoustic,0.577,0.692,7,-5.598,1,0.0292,0.00613,0.0,0.0801,0.668,92.986,181560,4,Low,False,False,False,valence,0.468,0.5104240289537074
246.0,NEEDTOBREATHE,Disaster Road,4dB6Mqi2IeH5CEA6dvZhDK,17,2012,acoustic,0.487,0.582,9,-7.653,1,0.0265,0.786,0.0284,0.081,0.357,92.933,271044,4,Low,True,False,False,instrumentalness,0.0,1.938678737126878
247.0,Elenowen,Head To My Heart,737H81c1MA45V8gllE6ESp,21,2012,acoustic,0.541,0.55,1,-7.425,1,0.0391,0.513,0.000647,0.114,0.242,114.018,216703,4,Low,True,False,False,instrumentalness,0.0,1.8219023339757072
248.0,Boyce Avenue,I Look to You,6utb05mq8V4os4e8JdLGvN,29,2012,acoustic,0.344,0.309,11,-9.897,1,0.0317,0.851,1.02e-05,0.11,0.339,109.903,275166,4,Low,True,False,False,liveness,0.0,1.5041690947299102
249.0,Hannah Trigwell,Torn (feat. Alex Goot),1e1xGXc1ykTPlZGrwKqoHt,34,2012,acoustic,0.368,0.38,5,-6.213,1,0.0289,0.898,0.0,0.095,0.229,98.893,185135,4,Medium,True,False,False,liveness,0.0,1.2689750641496715
250.0,Joshua James,Feel the Same,4R3Na59B94RVyi2e2jgLRl,21,2012,acoustic,0.318,0.569,1,-9.338,0,0.0466,0.728,0.187,0.131,0.246,152.726,234000,4,Low,True,False,False,instrumentalness,0.0,5.07568924374705
251.0,Ingrid Michaelson,In The Sea,1cZF6K3nXG6XKMBeiAb7n1,18,2012,acoustic,0.444,0.823,8,-5.109,0,0.0403,0.0476,0.00105,0.106,0.606,169.931,198160,4,Low,False,False,False,instrumentalness,0.0,2.9490831563340265
252.0,AJJ,Love Will Fuck Us Apart,2wRwrJXgVeTYP03JlMrcb8,17,2012,acoustic,0.611,0.141,0,-16.993,1,0.0545,0.626,0.000116,0.357,0.38,119.685,121653,4,Low,True,False,False,loudness,0.0,8.012176759524815
253.0,Tony Sly,Liver Let Die,1wMa1vL7NOcDMFDzuO6wXb,24,2012,acoustic,0.444,0.724,8,-4.852,1,0.0425,0.314,0.0,0.29,0.628,187.993,199773,4,Low,False,False,False,danceability,0.644,0.9197351057847064
254.0,Joshua Hyslop,Nowhere Left To Go,23fZ0OxUQzGPLyFKkcKYNv,23,2012,acoustic,0.689,0.342,2,-13.271,1,0.0308,0.53,0.0154,0.286,0.271,134.883,218973,4,Low,True,False,False,liveness,0.0859999999999999,1.1219840005176671
255.0,Boyce Avenue,Babylon,2xr4HySQRQBH2r5SMf5MuO,28,2012,acoustic,0.665,0.244,3,-10.93,1,0.0313,0.709,0.0,0.109,0.206,112.842,212683,4,Low,True,False,False,loudness,0.0,2.190028901974383
256.0,Erin McCarley,Re-Arrange Again,3SzN4ElGewbeGA1UKwg4KH,19,2012,acoustic,0.548,0.517,9,-6.868,1,0.0313,0.177,5.21e-06,0.0957,0.162,129.943,244333,4,Low,False,False,False,danceability,0.748,1.114557303804471
257.0,Priscilla Ahn,Dear Sweetheart,24r7KNyZP4JivQ3rNqcQAB,21,2012,acoustic,0.557,0.402,4,-10.812,1,0.0263,0.849,4.8e-05,0.108,0.501,114.057,148213,4,Low,True,False,False,liveness,0.0,1.5310551692758665
258.0,Human Kitten,What If I Am Queer?,6W7ILdWPWX5zYlsmHsAfI2,17,2012,acoustic,0.45,0.3,6,-9.046,1,0.0351,0.898,0.0,0.0858,0.404,99.64,142628,4,Low,True,False,False,liveness,0.0,0.9402879450837992
259.0,Josh Ritter,Love Is Making Its Way Back Home,7GRecetOAe7L6U74fDxB8N,18,2012,acoustic,0.707,0.539,3,-11.025,1,0.028,0.863,0.0124,0.129,0.858,114.736,223637,4,Low,True,False,False,danceability,0.907,2.3312230544040773
260.0,Josh Kelley,The Best Of Me,2pMiM6pe3CAp9QQbmnyo9K,15,2012,acoustic,0.455,0.516,0,-7.293,1,0.0342,0.139,0.0,0.0944,0.169,87.678,207013,4,Low,False,False,False,danceability,0.6105555555555555,2.606578924687529
261.0,Madi Diaz,Burn,3X991cvT28DMhkVqe8S5tz,22,2012,acoustic,0.388,0.427,0,-10.766,0,0.0321,0.487,0.000575,0.113,0.0526,149.064,277467,4,Low,True,False,False,loudness,-7.0440000000000005,1.3928852130264708
262.0,Tyrone Wells,This Moment Now,0dFnfX4NdiAJPnA9CTa5aN,24,2012,acoustic,0.49,0.29,8,-9.996,1,0.0299,0.413,9.66e-06,0.133,0.212,93.989,257920,4,Low,True,False,False,loudness,0.0,2.499936512268487
263.0,Ron Pope,About the Rain,4mWVFz0wjFUIvUlD0ox9Ej,19,2012,acoustic,0.642,0.705,4,-7.75,1,0.0347,0.364,5.91e-06,0.158,0.34,106.043,192533,4,Low,False,False,False,acousticness,0.1639999999999999,1.2794449692278889
264.0,Amos Lee,Say Goodbye,4nXA1B8tlkcorJItsV8mvO,18,2012,acoustic,0.523,0.643,0,-7.943,1,0.0253,0.338,0.00174,0.111,0.795,88.757,169853,4,Low,False,False,False,valence,0.595,3.0779068543523174
265.0,NEEDTOBREATHE,Cops,5Xo42Ja5ESUevOze9DSY3o,17,2012,acoustic,0.377,0.899,5,-3.499,1,0.104,0.00291,0.000259,0.118,0.339,170.253,163327,4,Low,False,False,False,danceability,0.577,2.596070657743581
266.0,AJJ,Still Smokin',3kAFM0GaMqFCdrATTkC92L,17,2012,acoustic,0.432,0.644,0,-2.947,1,0.117,0.598,0.0,0.337,0.927,145.849,75000,4,Low,True,False,False,valence,1.0,2.0365532926924867
267.0,Joshua James,Queen of the City,6yH3Fo7bCE1Qer3DDN7I3m,22,2012,acoustic,0.642,0.648,9,-5.179,0,0.0337,0.0641,0.0149,0.106,0.605,101.931,199427,4,Low,False,False,False,instrumentalness,0.0,6.013815329959758
268.0,Tim Barry,Fine Foods Market,6prYiT5EDXZH1PGqqiDFmM,16,2012,acoustic,0.494,0.601,3,-6.936,1,0.115,0.228,0.0,0.0673,0.814,85.178,194280,4,Low,False,False,False,valence,0.6139999999999999,3.1278609538674544
269.0,Ramshackle Glory,Song for Next May Day,2JHs7pn8zHCwL4hCyzUUco,17,2012,acoustic,0.335,0.866,0,-9.299,1,0.0675,0.122,1.25e-06,0.322,0.327,115.701,281307,4,Low,False,False,False,danceability,0.535,3.188986901028212
270.0,AJJ,Deep Dark Basement,68afbeID9HUMEaL6ScsFyR,17,2012,acoustic,0.296,0.936,0,-4.752,1,0.0593,1.7e-05,0.000743,0.296,0.447,100.747,128853,4,Low,False,False,False,danceability,0.496,4.494097659990707
271.0,Mark Kroos,Petals Change,7IWwvUTwqC53KTyVBRInJb,17,2012,acoustic,0.397,0.0762,4,-20.219,1,0.216,0.759,0.753,0.081,0.674,142.975,178227,4,Low,False,True,False,speechiness,0.0159999999999999,2.0855442738781225
272.0,Get Dead,Kerouac's Teeth,3o98RH8WS5RC0ZZdz9EOHN,18,2012,acoustic,0.533,0.856,4,-6.377,1,0.0309,0.143,2.48e-05,0.485,0.753,105.049,274973,4,Low,False,False,False,duration_ms,244420.37777777776,1.5111427728183422
273.0,Ingrid Michaelson,Palm Of Your Hand,1o83RoEnKj18m3Aqyf7ddk,17,2012,acoustic,0.541,0.781,8,-4.801,1,0.063,0.000589,0.0182,0.118,0.72,174.0,191880,4,Low,False,False,False,instrumentalness,0.0,5.702234894571923
274.0,Peter Bradley Adams,Bring You Home,5hMHYRFyypjZEfiMbDSYx4,20,2012,acoustic,0.593,0.391,5,-13.814,1,0.0289,0.372,0.139,0.108,0.38,154.223,196000,4,Low,True,False,False,danceability,0.7485555555555554,1.719062658859297
275.0,AJJ,S.O.S.,4GcebX2UXoYql1ZpFDhYS4,16,2012,acoustic,0.446,0.96,0,-4.73,1,0.063,0.000378,4.84e-06,0.753,0.52,102.994,124200,4,Low,False,False,False,danceability,0.646,4.007215059833118
276.0,Amy Stroup,Sabotage,7zRpF0NObigGlGa66UsWgg,20,2012,acoustic,0.568,0.413,5,-11.06,1,0.0246,0.857,0.0118,0.119,0.211,93.991,230053,4,Low,True,False,False,liveness,0.0,2.0911942626348434
277.0,AJJ,Bold with Fire,7ythmhL9UYnhK894T6jQhE,16,2012,acoustic,0.678,0.34,0,-5.87,1,0.0371,0.65,2.47e-06,0.151,0.271,133.469,120693,4,Low,True,False,False,liveness,0.0,2.160148392675911
278.0,AJJ,Ziggy Stardust,0l339jwjDTuqax54PvSgju,16,2012,acoustic,0.475,0.576,7,-3.982,1,0.0399,0.413,1.65e-06,0.339,0.579,162.921,206600,4,Low,True,False,False,danceability,0.675,1.050189955406598
279.0,AJJ,Drink Another Beer,4YPn9VDVl4FMZDXmNkL0eA,16,2012,acoustic,0.477,0.635,7,-2.716,1,0.047,0.34,0.0044,0.166,0.601,79.975,109907,4,Low,False,False,False,danceability,0.677,2.227242490761782
280.0,Not Half Bad,Chace's Song,3S3oOHqOkwxwogn4PKXdj5,15,2012,acoustic,0.415,0.956,1,-5.443,1,0.0925,0.00214,2.98e-06,0.34,0.388,196.101,162547,4,Low,False,False,False,danceability,0.615,2.0653228258456124
281.0,A Fine Frenzy,Dream In The Dark,0l8abjLU8NTOhBojVTxxeg,14,2012,acoustic,0.541,0.0141,1,-26.339,1,0.0422,0.993,0.14,0.0849,0.253,131.229,200792,3,Low,True,False,False,duration_ms,44621.177777777775,4.89031138507346
282.0,The Civil Wars,From This Valley,0HCW7lRkZyF4LLRP6HDRyK,16,2012,acoustic,0.56,0.534,10,-8.093,1,0.0354,0.472,0.0,0.0946,0.47,87.344,204640,4,Low,True,False,False,loudness,0.0,1.971930245643005
283.0,Cary Brothers,Never Tear Us Apart,7N25m7BXUuC6UdUbkLCd20,22,2012,acoustic,0.255,0.631,0,-3.912,1,0.0504,0.0847,9.41e-05,0.0835,0.36,174.316,171893,3,Low,False,False,False,instrumentalness,0.0,1.797456188414884
284.0,Steve Petrunak,Feelin' Groovy,3EyvpoGYJG2AubA8qStvp2,20,2012,acoustic,0.544,0.245,7,-13.066,1,0.0402,0.359,0.448,0.258,0.437,113.507,111626,4,Low,True,False,False,danceability,0.6995555555555555,0.8533206512754177
285.0,Ramshackle Glory,The Club Hits of Today Will Be the Show Tunes of Tomorrow,18qlQ8KWzzZKEQypOhqWoE,16,2012,acoustic,0.482,0.124,5,-12.752,1,0.0361,0.723,0.00317,0.3,0.213,126.022,95040,4,Low,True,False,False,liveness,0.0999999999999999,3.436338313092758
286.0,A Fine Frenzy,Avalanches (Culla's Song),5oVLOuA1B6JfxGaCBYcGAw,14,2012,acoustic,0.527,0.328,2,-13.433,1,0.0391,0.597,0.00198,0.11,0.213,123.256,211839,4,Low,True,False,False,loudness,0.0,2.9347169087618035
287.0,AJJ,Hate Stick Hard Party Part 2,0ra1JdB5sQdqVkUtYqnHpo,16,2012,acoustic,0.61,0.448,0,-7.25,1,0.0399,0.672,0.000737,0.11,0.546,146.344,107227,4,Low,True,False,False,valence,0.346,2.322352731520912
288.0,Dave Barnes,Love Will Be Enough For Us,3Oib0FHG9fl5IznMelNfZC,15,2012,acoustic,0.518,0.486,1,-8.116,1,0.0277,0.088,4.16e-05,0.0794,0.194,151.996,228653,4,Low,False,False,False,instrumentalness,0.0,1.9686801433922163
289.0,Masaharu Fukuyama,生きてる生きてく,6TT5cVq9gtm9Fxm1jm3RSj,48,2012,acoustic,0.705,0.924,7,-2.038,1,0.0305,0.315,0.0,0.161,0.971,120.991,209133,4,Medium,False,False,False,acousticness,0.1149999999999999,5.235490440804238
290.0,Boyce Avenue,Radioactive,1ZRhlEiPLy4vComxcmeFv9,28,2012,acoustic,0.491,0.725,11,-6.258,1,0.0534,0.261,0.0,0.0788,0.423,124.918,210333,4,Low,False,False,False,danceability,0.6910000000000001,2.0627722037307272
291.0,Green River Ordinance,New Day,7wT7EvhnZ1MygDBoRyO9z0,20,2012,acoustic,0.542,0.693,9,-6.049,1,0.0344,0.0572,0.000146,0.119,0.421,95.003,258573,4,Low,False,False,False,instrumentalness,0.0,3.450846537501203
292.0,Tyler Ward,Super Bass - Acoustic,5pDCaHBiuhtVPuDPJKNJDT,20,2012,acoustic,0.748,0.445,4,-9.466,1,0.0371,0.823,0.0,0.0847,0.603,110.008,226388,4,Low,True,False,False,valence,0.4029999999999999,3.114569280223044
293.0,Sanders Bohlke,An Unkindness of Ravens,3FdE138lINIMLor2S3cpih,26,2012,acoustic,0.345,0.118,4,-12.246,1,0.0316,0.834,0.00635,0.305,0.0481,96.285,264680,3,Low,True,False,False,liveness,0.1049999999999999,1.0711444117584037
294.0,Scars On 45,Change My Needs,4hYRGgIHka0DLxgKzriSas,19,2012,acoustic,0.606,0.457,9,-10.857,1,0.0291,0.768,0.0,0.11,0.335,114.021,256307,4,Low,True,False,False,loudness,0.0,2.1605296701540766
295.0,Jon Bryant,Ontario,7bJUoMjysndU0HpyBM4AIi,18,2012,acoustic,0.392,0.307,9,-10.725,1,0.0282,0.454,0.00512,0.122,0.18,76.634,370623,4,Low,True,False,False,loudness,-4.677777777777778,2.776011380590372
296.0,Ingrid Michaelson,Keep Warm,0tcHKrQojbRQlOWykegZom,15,2012,acoustic,0.284,0.122,5,-11.986,1,0.0384,0.943,3.25e-06,0.111,0.158,70.869,198773,3,Low,True,False,False,danceability,0.484,2.90998545249402
297.0,Rodrigo y Gabriela,Tamacun - Area 52 Version,1iX3H33KgpA0kG7ljiH7Hl,13,2012,acoustic,0.685,0.957,9,-5.187,0,0.0495,0.467,0.76,0.197,0.83,128.0,415253,4,Low,False,False,True,speechiness,0.0,11.095053661615728
298.0,Tristan Prettyman,Quit You,73fZzAsufiH6AjBe8OqxAx,15,2012,acoustic,0.823,0.555,4,-8.598,0,0.0395,0.0929,0.00128,0.1,0.841,118.592,188267,4,Low,False,False,False,loudness,0.0,3.877120932793322
299.0,Ramshackle Glory,Last Days,1BLPLW4oYH8fkr3ubLqHIO,16,2012,acoustic,0.344,0.731,9,-7.895,0,0.0328,0.00249,8.55e-06,0.367,0.801,106.259,130933,4,Low,False,False,False,instrumentalness,0.20000855,3.101576447617349
300.0,Get Dead,101,2wGO4maDxM59OnoxeYW5eQ,17,2012,acoustic,0.558,0.77,4,-6.05,1,0.0297,0.546,0.0,0.507,0.435,100.986,252440,4,Low,False,False,False,acousticness,0.346,1.3842330335272734
301.0,Drew Holcomb & The Neighbors,I Saw the Light,5EIoHPj98VMiA04P2UnEiu,15,2012,acoustic,0.346,0.781,7,-5.406,1,0.0355,0.214,0.0,0.389,0.858,188.959,187928,4,Low,False,False,False,valence,0.6579999999999999,2.002161242824449
302.0,Get Dead,Rosebud,31BXYr5hLoBzKItygRERrb,18,2012,acoustic,0.478,0.681,6,-7.233,1,0.0334,0.101,1.66e-06,0.147,0.396,114.061,228053,4,Low,False,False,False,danceability,0.6335555555555554,3.3958137745095094
303.0,Josh Garrels,Rise (Kye Kye Remix),18J5HylXTteQJC00iwdgFf,19,2012,acoustic,0.461,0.745,11,-7.102,0,0.08,0.0271,0.153,0.279,0.382,125.005,270818,4,Low,False,False,False,instrumentalness,0.0,7.29577270781637
304.0,Joshua Radin,Mark IV (with Joshua Radin) (Fifa13),37toHg2qY3N2GjOnVPcUlD,25,2012,acoustic,0.346,0.653,7,-8.81,1,0.0328,0.000789,0.348,0.256,0.131,170.131,341761,4,Low,False,False,False,duration_ms,151894.24444444446,2.9926363432146754
305.0,Tristan Prettyman,Come Clean,5xtapDRKjJTDCcdMbWCjJH,15,2012,acoustic,0.642,0.204,2,-10.274,1,0.03,0.674,5.96e-06,0.0896,0.26,109.759,234000,3,Low,True,False,False,loudness,0.0,1.9547414875297624
306.0,Trent Dabbs,I'm Not OK,2ToYIudAIrhlvkbE7UpnnV,22,2012,acoustic,0.622,0.317,2,-9.068,1,0.0283,0.76,0.0677,0.0947,0.243,123.094,240280,4,Low,True,False,False,instrumentalness,0.0,1.9337102244596949
307.0,Mark Lanegan,Gray Goes Black,3igqkda8a41Mcy1tGVgffH,27,2012,acoustic,0.485,0.822,9,-9.31,0,0.0431,0.103,0.595,0.336,0.604,135.008,250867,4,Low,False,False,True,speechiness,0.0270111111111111,2.432094081615011
308.0,Josh Garrels,White Owl (Josh Garrels & Mason Jar Remix),6z1eoGL05z7Kx5UoLP8aEc,17,2012,acoustic,0.59,0.519,11,-8.63,0,0.0281,0.0037,0.657,0.342,0.185,146.083,352470,4,Low,False,False,True,duration_ms,234980.2,4.236889629360004
309.0,Get Dead,No High Road,7r4Xb2TLTaYuhRLGrlikWb,17,2012,acoustic,0.507,0.841,8,-5.432,1,0.0311,0.169,0.0,0.171,0.785,87.51,170653,4,Low,False,False,False,valence,0.585,2.147578463033689
310.0,Frank Turner,The Ballad Of Me & My Friends,6xmY8Zrl1nDFFBM8EsErAN,16,2012,acoustic,0.487,0.367,6,-9.105,0,0.04,0.802,0.0,0.973,0.261,134.905,152987,4,Low,True,False,False,danceability,0.687,3.2743706408759614
311.0,Frank Turner,Photosynthesis,0nxgsbfjUKZGNBFBmmXPp8,18,2012,acoustic,0.681,0.745,2,-6.906,1,0.0573,0.0668,0.0,0.326,0.525,98.99,252187,4,Low,False,False,False,valence,0.325,1.3148746228523258
312.0,Eric Hutchinson,Lisa,4JlGxhJJedaQXygGSWVmqE,14,2012,acoustic,0.555,0.884,10,-5.784,1,0.0439,0.00765,0.0,0.131,0.871,80.04,255520,4,Low,False,False,False,valence,0.671,3.236841746174772
313.0,Mark Lanegan,Riot In My House,2mLSqZBEpnUtzF6GJl14R6,25,2012,acoustic,0.458,0.932,7,-5.73,1,0.0331,0.000132,0.000399,0.551,0.383,87.984,233053,4,Low,False,False,False,instrumentalness,0.0,4.394696783496595
314.0,Denis Turbide,Rumbling Ramble,2RkyOOzMbTIWvOahYtlfoq,17,2012,acoustic,0.424,0.433,9,-14.078,1,0.0428,0.904,0.899,0.106,0.887,173.225,130125,4,Low,False,True,False,speechiness,0.0,6.395617060751164
315.0,Gabrielle Aplin,Keep Pushing Me,0dt4CRRsWhEsgkgYNWMsh5,24,2012,acoustic,0.481,0.788,1,-8.816,0,0.0523,0.401,0.0,0.112,0.395,116.622,192367,4,Low,False,False,False,loudness,0.0,3.327100515575492
316.0,Patty Griffin,Truth #2,15yejGXrEwhkNV1n8LCIZ6,15,2012,acoustic,0.388,0.636,11,-8.497,1,0.0435,0.352,0.000166,0.131,0.731,177.422,270853,4,Low,False,False,False,valence,0.5309999999999999,2.695578293354764
317.0,NEEDTOBREATHE,Keep Your Eyes Open,3YdrhGuYeohPZ4ZUn5LEV0,16,2012,acoustic,0.52,0.834,0,-4.128,1,0.0477,0.113,0.0,0.283,0.371,79.025,250485,4,Low,False,False,False,danceability,0.72,2.102518215510223
318.0,Josh Garrels,Anchor (Beautiful Eulogy),1yJHtmzoiuIZu4RXJlIPnR,15,2012,acoustic,0.402,0.641,6,-7.453,1,0.171,0.0924,0.000124,0.116,0.17,81.92,337027,4,Low,False,False,False,instrumentalness,0.0,1.7259029474575485
319.0,Tyrone Wells,A Beautiful Place to Be,762yuu2n52bzhTvHl1x6vl,17,2012,acoustic,0.552,0.482,0,-7.81,1,0.0387,0.304,0.0,0.106,0.183,139.685,229538,4,Low,True,False,False,acousticness,0.1039999999999999,1.2687228514937026
320.0,Josh Garrels,Cynicism,7oOkejm5Rj1H3DlrIaGpvR,15,2012,acoustic,0.768,0.831,9,-5.834,0,0.0869,0.0566,0.000152,0.337,0.836,107.023,215522,4,Low,False,False,False,instrumentalness,0.0,2.2650318704406978
321.0,Amos Lee,There I Go Again,6fTCqJRLU17CkIXCemMQlE,16,2012,acoustic,0.504,0.466,0,-8.57,1,0.0301,0.791,0.00832,0.194,0.467,139.248,304587,4,Low,True,False,False,danceability,0.704,1.497011201277445
322.0,Rodrigo y Gabriela,Ixtapa - Area 52 Version,4Lca3BIOvF9Mc6ISa8LdwU,12,2012,acoustic,0.538,0.806,6,-7.0,0,0.0376,0.714,0.865,0.0796,0.702,119.993,491947,4,Low,False,False,True,duration_ms,54661.64444444445,4.231668043906989
323.0,Frank Turner,Long Live The Queen,6QRDkWC9GcUskOn1NB66jt,16,2012,acoustic,0.448,0.445,9,-7.806,1,0.0713,0.398,0.0,0.349,0.709,172.561,206587,4,Low,True,False,False,valence,0.5089999999999999,3.727395054272158
324.0,Johnnyswim,Paris in June,2FlHJnYeLDWK3kw2X91HeP,13,2012,acoustic,0.242,0.31,5,-12.235,1,0.0382,0.89,0.00435,0.0973,0.102,82.649,220257,1,Low,True,False,False,danceability,0.442,3.018563446252994
325.0,Fay Wolf,I Wanna Dance With Somebody,0hXIuHaz9Z2YYbiowNuMYD,22,2012,acoustic,0.651,0.232,0,-9.686,1,0.0284,0.807,1.26e-05,0.0958,0.197,100.016,253389,4,Low,True,False,False,acousticness,1.0,2.243663190529869
326.0,Kaki King,Great Round Burn,3lfNlcUKtrky8uyLEaWG4r,16,2012,acoustic,0.357,0.465,9,-9.042,0,0.0333,0.697,0.944,0.313,0.337,88.883,192385,4,Low,False,True,False,duration_ms,85504.9111111111,1.0757051439111258
327.0,A Fine Frenzy,Riversong,04yF4HOQUVKqd5YlQ9B6FV,13,2012,acoustic,0.303,0.0714,11,-19.889,1,0.0416,0.803,3.6e-05,0.0995,0.116,104.512,466367,4,Low,True,False,False,loudness,0.0,4.933660539664741
328.0,Joshua Radin,The Greenest Grass,5WiCxBsZkcvlGYPzuTdLJM,13,2012,acoustic,0.434,0.541,3,-9.815,1,0.05,0.802,0.114,0.102,0.787,202.172,225413,4,Low,True,False,False,speechiness,0.0277777777777777,4.147533599517791
329.0,Joshua Hyslop,Hallelujah,10F7l8WTHPwXDyzkc9aKzB,21,2012,acoustic,0.485,0.0985,2,-16.179,1,0.0315,0.951,0.00294,0.0784,0.285,100.212,261627,3,Low,True,False,False,danceability,0.6405555555555555,2.4323952156713915
330.0,David Ramirez,Chapter II,5mh6jXON78l1HiLe3Q9cHd,15,2012,acoustic,0.39,0.2,7,-14.783,1,0.0353,0.406,0.000147,0.117,0.375,95.249,159000,4,Low,True,False,False,loudness,0.0,3.263868980588807
331.0,Eric Bibb,L.A.,4btERUvmhGfBPdHEwufHoE,16,2012,acoustic,0.379,0.318,3,-10.127,1,0.0326,0.886,0.0,0.14,0.46,82.272,337813,3,Low,True,False,False,liveness,0.0,1.730483742855931
332.0,Rodrigo y Gabriela,Santo Domingo - Area 52 Version,4jCoaq9wBNCsY1quK9hx6q,12,2012,acoustic,0.442,0.944,4,-6.224,0,0.0612,0.657,0.904,0.0948,0.624,133.052,391293,4,Low,False,False,True,speechiness,0.0290222222222222,3.163834221219787
333.0,Kate Havnevik,Think Again,5K2yPBCRfT6M05FwLTa3Kl,20,2012,acoustic,0.61,0.515,2,-8.78,1,0.0249,0.205,0.000413,0.123,0.272,107.981,215000,4,Low,False,False,False,instrumentalness,0.0,2.751278394823416
334.0,Rodrigo y Gabriela,1899-12-31 11:11:00 - Area 52 Version,2b7s5CB6322yFPF91rQ0q0,12,2012,acoustic,0.576,0.724,0,-7.095,1,0.0594,0.663,0.756,0.55,0.532,187.814,450973,3,Low,False,False,True,speechiness,0.0288222222222222,6.370873576152194
335.0,Rodrigo y Gabriela,Juan Loco - Area 52 Version,3Km09WgjRZzcUJijauFg2l,12,2012,acoustic,0.688,0.934,8,-6.343,0,0.0367,0.489,0.901,0.177,0.962,117.012,249227,3,Low,False,False,True,speechiness,0.0,2.6812426604500814
336.0,Frank Turner,I Knew Prufrock Before He Got Famous,2FHSjSRo5vwLpLwkcmWG6c,16,2012,acoustic,0.412,0.607,0,-7.856,1,0.0438,0.186,0.0,0.358,0.43,100.675,193253,4,Low,False,False,False,danceability,0.612,2.775295788732162
337.0,Trent Dabbs,Better Off Now,5QF3qKPiPEm49edG2W5TYZ,17,2012,acoustic,0.674,0.159,4,-13.439,1,0.0386,0.917,0.016,0.0987,0.234,119.904,254413,3,Low,True,False,False,duration_ms,56536.95555555553,3.0098147499344527
338.0,Ramshackle Glory,Last Song,1xTo7rP8pe1bVJ6OwrHX4w,14,2012,acoustic,0.302,0.371,7,-12.354,1,0.0423,0.0119,0.00476,0.207,0.364,82.259,226000,4,Low,False,False,False,loudness,0.0,3.060132911658677
339.0,Green River Ordinance,Resting Hour,1rCBWdI4CGvFrki2GiUjat,14,2012,acoustic,0.498,0.515,11,-6.03,1,0.0248,0.143,0.0,0.128,0.162,79.951,264453,4,Low,False,False,False,danceability,0.698,2.0191990151246024
340.0,Jon Bryant,David Livingstone,0Q1hI9FVgOFaqdsbtHLASQ,19,2012,acoustic,0.357,0.216,1,-10.468,1,0.0319,0.843,9.28e-05,0.111,0.209,153.065,231112,3,Low,True,False,False,liveness,0.0,1.4814145232714715
341.0,Jon McLaughlin,My Girl Tonight,7JeMyMZfYUrcau7HLhJEoR,16,2012,acoustic,0.573,0.284,1,-13.486,1,0.0316,0.926,9.29e-06,0.0975,0.352,122.144,235333,4,Low,True,False,False,loudness,0.0,3.3821387223388406
342.0,Ron Pope,Everything,64p5emwVTAyOXQ97HfwhaR,18,2012,acoustic,0.526,0.55,2,-6.174,1,0.0309,0.392,6.14e-05,0.0759,0.3,143.61,256160,4,Low,True,False,False,instrumentalness,0.0,2.290456619683379
343.0,AJJ,Deep Dark Basement (Spacejam Dub),2UEimugsOZY0EfHzX936DJ,14,2012,acoustic,0.697,0.494,0,-9.417,1,0.0435,0.814,0.32,0.144,0.399,132.628,193107,4,Low,True,False,False,speechiness,0.0,4.809496777842663
344.0,Tristan Prettyman,Second Chance,60VmcKKcOAlexnYRiz46uq,13,2012,acoustic,0.529,0.628,10,-8.281,1,0.0479,0.0453,1.67e-05,0.139,0.309,179.91,213133,4,Low,False,False,False,instrumentalness,0.0,1.2518530049797612
345.0,Tristan Prettyman,Glass Jar,3Yt7Ez0nhup9zDza393S1e,13,2012,acoustic,0.636,0.235,0,-10.931,1,0.0326,0.739,1.83e-05,0.0949,0.418,125.521,292213,4,Low,True,False,False,loudness,0.0,1.5108153341627073
346.0,Tristan Prettyman,When You Come Down,1IXjNvAsIysOcFW2ztRYe8,14,2012,acoustic,0.699,0.657,1,-8.061,1,0.025,0.207,2.21e-05,0.0903,0.754,111.984,204253,4,Low,False,False,False,loudness,0.0,3.5076607277208858
347.0,Beans on Toast,Life,549fDjfdIlnvRw2TRy9JHP,24,2012,acoustic,0.612,0.343,0,-13.308,1,0.0466,0.773,0.0,0.134,0.745,82.39,224267,4,Low,True,False,False,danceability,0.812,2.8218771819666326
348.0,Frank Turner,The Road,0qUqxxNci4PAj8YWTBA2l0,18,2012,acoustic,0.414,0.832,0,-5.694,1,0.12,0.00723,0.0,0.0531,0.573,187.818,237827,4,Low,False,False,False,danceability,0.5695555555555556,2.4646087962533407
349.0,Joey Cape,Confession,3fMMvNHd4koAhSZJSWq7lH,20,2012,acoustic,0.485,0.305,10,-6.39,1,0.0346,0.698,0.0,0.394,0.331,125.02,142000,4,Low,True,False,False,danceability,0.685,2.7233419979278075
350.0,Steve Petrunak,How Great Thou Art,0tK8I6t7Z1KxetMTXTtpgh,14,2012,acoustic,0.567,0.3,10,-13.535,1,0.041,0.838,0.863,0.103,0.294,131.833,256444,4,Low,False,True,False,duration_ms,85481.93333333335,5.477537492911402
351.0,Tony Sly,Black Box,18TbIMwoBqAb4W3JUQo7KT,20,2012,acoustic,0.496,0.425,7,-5.582,1,0.0326,0.818,4.95e-06,0.0737,0.181,124.958,207760,4,Low,True,False,False,liveness,0.0,1.2689750641496609
352.0,Frank Turner,Reasons Not To Be An Idiot,4h2F98rQVseI8cOsEql9sX,16,2012,acoustic,0.553,0.813,9,-4.915,1,0.0398,0.00404,0.0,0.107,0.765,145.048,228773,4,Low,False,False,False,valence,0.565,2.358855264348975
353.0,Ramshackle Glory,Gospel Music for the Coming Social War,0zHGgFV3okHxtVIM6xxVgB,14,2012,acoustic,0.262,0.719,5,-8.474,1,0.0417,0.00996,0.053,0.298,0.722,58.309,239920,5,Low,False,False,False,loudness,0.0,0.547132015767481
354.0,Madi Diaz,Heavy Heart,7fNSeYZz8BdnSZ4PSi717k,17,2012,acoustic,0.581,0.246,4,-11.788,1,0.0286,0.46,0.00655,0.109,0.284,105.799,220933,4,Low,True,False,False,loudness,0.0,2.1419860292833306
355.0,Greg Laswell,Dragging You Around,3ey9mK3flkMIevNQjFp2xD,18,2012,acoustic,0.497,0.854,7,-5.783,1,0.0373,0.0339,6.17e-06,0.183,0.386,129.026,223053,4,Low,False,False,False,danceability,0.6970000000000001,3.4272963249923976
356.0,Bukka White,Fixin' To Die Blues,2GM7Q376O8D1L5egNPjwTY,18,2012,acoustic,0.575,0.425,11,-7.611,1,0.0336,0.857,0.588,0.1,0.573,109.45,170266,4,Low,False,True,False,speechiness,0.0,3.566475427556973
357.0,John Frusciante,Mistakes,5jpZ64gyazIZv4F5DHalMk,15,2012,acoustic,0.512,0.895,6,-4.074,0,0.0347,0.0315,0.433,0.16,0.473,161.711,229720,4,Low,False,False,True,danceability,0.712,1.7273063128896666
358.0,Joshua Hyslop,Time Alone,3JXtTxrSa70YLYxAjwJ5pe,21,2012,acoustic,0.634,0.325,3,-14.148,1,0.0278,0.477,0.00739,0.0998,0.267,146.041,259867,4,Low,True,False,False,loudness,0.0,1.8294772147353056
359.0,Roberto Diana,If You Are Happy,1YPbmTdxGNQOLnfTyK4kTi,15,2012,acoustic,0.516,0.344,2,-9.858,1,0.0482,0.923,0.767,0.0693,0.169,131.443,195187,4,Low,False,True,False,speechiness,0.0275777777777777,4.986611140627744
360.0,Dave Barnes,How Long,7qXgpZh7aNfbwz34GsM3fZ,13,2012,acoustic,0.667,0.653,1,-5.672,1,0.0348,0.00806,2.06e-05,0.0613,0.842,89.465,185253,4,Low,False,False,False,instrumentalness,0.0,2.0376991683971823
361.0,Kaki King,Fences,2xIfD9FHC76CLLWx9NDd7O,15,2012,acoustic,0.504,0.265,8,-15.679,0,0.0422,0.745,0.719,0.105,0.0498,139.026,203450,4,Low,False,True,False,speechiness,0.0269111111111111,2.825491481423141
362.0,Roberto Diana,In My Mind,0As5TtLywj47zWt3M7xjTi,17,2012,acoustic,0.411,0.117,2,-20.848,1,0.0402,0.891,0.88,0.109,0.0458,96.739,198947,4,Low,False,True,False,duration_ms,66316.26666666666,3.244514729190449
363.0,YUZU,Niji,7jsOy71a4Tt0p7tNJbZgV9,22,2012,acoustic,0.619,0.848,11,-3.082,1,0.0482,0.259,0.0,0.0874,0.536,113.005,325893,4,Low,False,False,False,duration_ms,217262.2,2.40055346687371
364.0,Steve Petrunak,Days a Week,0XXbaDFx1mBegxDTEnaCTG,18,2012,acoustic,0.479,0.419,2,-6.915,1,0.0394,0.689,0.948,0.0877,0.202,137.705,169866,4,Low,False,True,False,duration_ms,37748.73333333334,1.031956250288033
365.0,Tyrone Wells,Freedom,1Ed5QRiwklWErs1XqwNgYC,14,2012,acoustic,0.733,0.86,2,-4.832,1,0.0479,0.12,1.15e-06,0.0457,0.916,102.048,170098,4,Low,False,False,False,acousticness,0.0355555555555555,0.3900906648137301
366.0,Rodrigo y Gabriela,Hanuman - Area 52 Version,4NJruzai48eD3aCMGDl7Xz,11,2012,acoustic,0.63,0.936,4,-5.119,0,0.0459,0.384,0.746,0.331,0.831,130.041,333867,4,Low,False,False,True,speechiness,0.0,8.943810758210269
367.0,Tristan Prettyman,The Rebound,7FpIlu3OoCp7VM5ajYgaWw,13,2012,acoustic,0.818,0.41,2,-8.696,1,0.0564,0.0953,6.29e-05,0.0853,0.75,92.002,147747,4,Low,False,False,False,valence,0.55,4.19780135840924
368.0,Tim Barry,Bankers Dilemma,5vPQx2m1VgluqfWpmbaFwQ,13,2012,acoustic,0.631,0.652,7,-4.737,1,0.0524,0.352,0.0,0.136,0.662,97.967,169947,4,Low,False,False,False,acousticness,0.1519999999999999,2.04667456850407
369.0,Katie Herzig,We're All in This Together,428cC4nBhgRMLwkjMFjXhw,20,2012,acoustic,0.523,0.342,3,-10.328,1,0.0364,0.886,4.11e-05,0.114,0.441,124.145,120373,4,Low,True,False,False,liveness,0.0,1.3476857480667803
370.0,Fuyumi Abe,更地,0xMHGvstLxWq0aXDfehI9D,29,2012,acoustic,0.676,0.301,11,-14.166,1,0.0264,0.803,3.02e-06,0.0947,0.511,97.988,159360,4,Low,True,False,False,danceability,0.8315555555555556,2.2238681669878133
371.0,Joey Cape,Resolve,0mztZtBx3boRw58FHDwlB8,20,2012,acoustic,0.339,0.51,8,-6.201,1,0.0391,0.717,0.0,0.307,0.621,84.093,130840,4,Low,True,False,False,danceability,0.539,1.775476751149098
372.0,David Ramirez,Paper Thin,1wC4FKffzQ6O228JTA2YZL,13,2012,acoustic,0.511,0.0613,9,-17.737,1,0.0549,0.503,0.000759,0.176,0.105,118.59,141467,4,Low,True,False,False,loudness,0.0,1.9261480702200944
373.0,Benjamin Francis Leftwich,In the Open,0YxRq8qEwpXyWwJFiVYm9N,13,2012,acoustic,0.529,0.56,8,-8.786,1,0.0287,0.361,1.54e-06,0.159,0.569,131.269,213307,4,Low,True,False,False,loudness,0.0,2.345515078331946
374.0,Tyrone Wells,Give It Time,6DVTJ86mwBfg1zWCmIEzYx,18,2012,acoustic,0.546,0.588,6,-7.069,1,0.0264,0.0566,0.0,0.067,0.302,96.072,208760,4,Low,False,False,False,danceability,0.746,1.018213003413024
375.0,A Fine Frenzy,It's Alive,27BBs6uXwknJHO4EsTU082,12,2012,acoustic,0.713,0.513,5,-7.396,0,0.0359,0.00836,0.0,0.088,0.819,118.008,225095,4,Low,False,False,False,loudness,0.0,5.987146388073871
376.0,Jenny & Tyler,Psalm 86,54aohSaGyM0GzE02PDASZE,13,2012,acoustic,0.482,0.387,9,-11.731,1,0.0414,0.0699,0.0,0.0885,0.156,153.97,233933,4,Low,False,False,False,loudness,0.0,5.048918935034134
377.0,Tyler Ward,What Makes You Beautiful - Acoustic,381K4mTE7dLGzgVOYqwxOr,25,2012,acoustic,0.719,0.276,2,-8.619,1,0.0297,0.736,0.0,0.12,0.485,98.003,188878,4,Low,True,False,False,valence,0.285,1.4388446034496063
378.0,Tim Barry,40 Miler,1VNnaXhXUFS07Ev1PEd8j8,12,2012,acoustic,0.498,0.519,7,-6.843,1,0.0437,0.478,1.12e-05,0.201,0.552,134.819,218640,4,Low,True,False,False,danceability,0.698,1.3230900609485268
379.0,Chuck Ragan,Field Holler,4GZFw5vY5pZ6ZMWyX8qPjr,18,2012,acoustic,0.619,0.574,2,-7.677,0,0.0284,0.528,0.0,0.0714,0.632,135.972,163475,4,Low,True,False,False,danceability,0.819,1.9411147969607607
380.0,Dave Barnes,Mine To Love,6WI2N2R8Mf4RyVFQqu4mmQ,12,2012,acoustic,0.541,0.824,3,-5.9,1,0.0282,0.000941,0.0,0.228,0.637,101.98,228800,4,Low,False,False,False,danceability,0.7410000000000001,1.1498355277872996
381.0,Ramshackle Glory,Fuck Everything (Reportback from the Nihilist Working Group to the General Assembly of Occupy Tucson),5FfpnKwSfEV2ww0zGaFPun,14,2012,acoustic,0.194,0.663,0,-8.965,1,0.0387,0.00204,0.000139,0.333,0.537,68.273,204920,4,Low,False,False,False,loudness,0.0,2.087572209471105
382.0,Amos Lee,Mama Sail To Me,21EDq30Zgzb1BixIdtq0Ao,15,2012,acoustic,0.355,0.287,7,-11.034,1,0.0309,0.854,0.00113,0.103,0.296,80.463,251947,4,Low,True,False,False,liveness,0.0,1.4584683038314914
383.0,Eric Hutchinson,In the First Place,2cyJaJQ0H3yLOa3oWorpk8,13,2012,acoustic,0.635,0.745,9,-5.013,1,0.0242,0.00093,0.0,0.177,0.644,97.997,250160,4,Low,False,False,False,valence,0.444,0.727989360013158
384.0,Harley Poe,What's a Devil to Do?,4FdgOEa16hCKV09igvpiLW,14,2012,acoustic,0.552,0.67,9,-4.895,0,0.0308,0.204,0.0,0.0814,0.572,91.683,391000,4,Low,False,False,False,valence,0.3719999999999999,2.9010363729625546
385.0,Harley Poe,The Worms Crawl In,3pBLHNsdMuqUTLRtcXXgNZ,16,2012,acoustic,0.413,0.515,0,-4.632,0,0.0467,0.339,0.0,0.0796,0.546,203.533,165000,3,Low,True,False,False,danceability,0.5685555555555555,1.392701713659374
386.0,Steve Petrunak,Jingle Bell Rock,5vypcmaP4DnqH71TGZVTni,15,2012,acoustic,0.724,0.471,11,-7.038,0,0.0377,0.819,0.909,0.119,0.657,135.753,131600,4,Low,False,True,False,speechiness,0.0,3.995145272410676
387.0,Jon McLaughlin,If Only I,0jfJ9q6TwCqPjZkiYr4BOV,16,2012,acoustic,0.621,0.557,7,-7.633,1,0.0324,0.14,0.000412,0.111,0.0392,119.48,326400,4,Low,False,False,False,instrumentalness,0.0,2.9871195742978536
388.0,David Ramirez,An Introduction,3WHJBKEhA6VsEMFCAaBxYP,14,2012,acoustic,0.41,0.78,11,-7.527,0,0.0281,0.00323,5.71e-05,0.325,0.578,171.833,218440,4,Low,False,False,False,danceability,0.61,2.4167203154745778
389.0,Frank Turner,Substitute,1AT9wI4nIJyimwOvxKOpf9,15,2012,acoustic,0.575,0.407,9,-7.116,0,0.0297,0.785,0.0,0.105,0.494,93.881,165867,4,Low,True,False,False,valence,0.294,1.7060476735294827
390.0,Matthew Perryman Jones,Canción De La Noche,3e03PW09bAiFKrobeEBcJ7,17,2012,acoustic,0.382,0.561,9,-8.706,0,0.0318,0.413,0.141,0.264,0.17,93.948,399213,4,Low,True,False,False,instrumentalness,0.0,4.898253573038467
391.0,Rachael Yamagata,Heavyweight,56PyvPa7GlysDiXYf0ua6p,18,2012,acoustic,0.312,0.305,9,-10.44,1,0.03,0.945,0.0269,0.179,0.327,135.815,202585,4,Low,True,False,False,liveness,0.0,1.146538427234411
392.0,Tony Sly,Under the Garden,3cDtWgmdZFdsWhpklpQfod,19,2012,acoustic,0.465,0.48,7,-6.119,1,0.0329,0.879,0.0,0.302,0.215,77.746,196560,4,Low,True,False,False,liveness,0.1019999999999999,1.8587444467287604
393.0,Mindy Smith,Pretending the Stars,7nKqml3KCfsMOfRqT4DgKT,12,2012,acoustic,0.537,0.695,1,-6.474,1,0.029,0.0518,2.47e-05,0.103,0.607,126.008,199987,4,Low,False,False,False,instrumentalness,0.0,2.467429650088633
394.0,Kris Allen,Teach Me How Love Goes,7jfpsOLXpwKwtACP2iu35B,16,2012,acoustic,0.608,0.462,11,-10.113,1,0.0314,0.709,3.2e-05,0.105,0.223,87.037,206187,3,Low,True,False,False,loudness,-6.608666666666666,1.9381356961864815
395.0,Jon McLaughlin,Promising Promises,69aiUxLaitPztAnyyYsj2J,14,2012,acoustic,0.49,0.799,5,-4.506,1,0.0339,0.183,6.29e-06,0.18,0.124,86.95,284467,4,Low,False,False,False,danceability,0.69,2.738094652180351
396.0,Andrew Belle,In My Veins - Live (Bonus Track),4y63GaUy4u0eg2qD1Eop8d,19,2012,acoustic,0.492,0.488,9,-6.232,0,0.0276,0.643,0.000286,0.112,0.227,113.082,382490,4,Low,True,False,False,speechiness,0.2276,1.7226305663879522
397.0,Chris Smither,Place In Line,2SeSE8ktfhgZmTVUpjjnBY,17,2012,acoustic,0.638,0.623,9,-7.926,1,0.0256,0.873,0.000582,0.219,0.678,102.809,231933,4,Low,True,False,False,valence,0.478,6.277150548135838
398.0,Josh Garrels,Valor,23b1FPZZmMRWFHV5DhJNQq,13,2012,acoustic,0.547,0.68,9,-9.015,0,0.0538,0.406,0.0664,0.113,0.167,85.015,134596,4,Low,False,False,False,instrumentalness,0.0,5.082220539057531
399.0,Rodrigo y Gabriela,Logos - Area 52 Version,7fJnpgXf1yw7BVt0GUgfp0,10,2012,acoustic,0.65,0.608,4,-8.274,0,0.0461,0.886,0.924,0.102,0.119,129.996,286187,4,Low,False,True,False,speechiness,0.0273444444444444,5.2566692227878775
400.0,Greg Laswell,New Year's Eves,4q4WHMr06TpvYlV9rh25lp,15,2012,acoustic,0.36,0.602,8,-6.884,1,0.0319,0.451,5.78e-05,0.116,0.204,169.938,202387,4,Low,True,False,False,instrumentalness,0.0,2.103069861295708
401.0,Mindy Smith,Come To Jesus,3WLR9FPAIojSNiX27BB1l2,12,2012,acoustic,0.535,0.371,8,-10.401,1,0.0335,0.591,0.0,0.101,0.153,146.1,254267,4,Low,True,False,False,loudness,0.0,2.1587942660867228
402.0,Frank Turner,Try This At Home,6lgDndt95hRxXS5j8OaMyO,14,2012,acoustic,0.508,0.908,7,-4.188,1,0.042,0.0344,0.0,0.574,0.845,134.81,112960,4,Low,False,False,False,valence,0.645,2.503217287374575
403.0,Drew Holcomb & The Neighbors,Ain't Nothing Like the Real Thing,3k6RBcCUzldU28jdhstSFt,12,2012,acoustic,0.462,0.676,0,-6.987,1,0.0285,0.084,4.07e-05,0.113,0.759,157.432,229088,4,Low,False,False,False,danceability,0.662,1.6175126228178731
404.0,Drew Holcomb & The Neighbors,Long Monday,7G097EcnwP2Ijbt6dbTQU5,12,2012,acoustic,0.665,0.338,0,-13.108,1,0.0466,0.868,0.000761,0.102,0.218,76.589,213285,4,Low,True,False,False,loudness,0.0,3.017582845790706
405.0,Amy Stroup,Fell Like a Feather,3R53PzUKksFwPnCqEAUcRt,10,2012,acoustic,0.71,0.304,9,-14.561,1,0.0317,0.799,0.0355,0.0897,0.311,108.596,251640,4,Low,True,False,False,speechiness,0.0,0.8838537994635729
406.0,Toto Sorioso,Saving Forever For You,2l2ezBMXEfD7o6VLN1KXcA,28,2012,acoustic,0.681,0.371,4,-9.96,0,0.0368,0.783,0.0,0.105,0.488,132.882,255240,4,Low,True,False,False,valence,0.288,1.3547023153619229
407.0,Ron Pope,Bitterness or Sympathy,1MKgoDlcbAQCbcZIDAftC3,15,2012,acoustic,0.563,0.439,1,-9.515,1,0.0283,0.134,1.25e-05,0.109,0.512,141.89,245907,4,Low,False,False,False,loudness,0.0,2.619094481921461
408.0,Erin McCarley,What I Needed,2XliH3CK8MJrnpChahc4Mj,16,2012,acoustic,0.682,0.344,1,-7.52,0,0.0292,0.566,7.92e-06,0.112,0.26,97.001,218240,3,Low,True,False,False,acousticness,0.3659999999999999,0.9891490800585174
409.0,Kris Allen,Rooftops,1L1YkLIi6vpNPwW1db7o8J,14,2012,acoustic,0.749,0.805,7,-5.682,1,0.0688,0.0779,0.0,0.184,0.624,86.988,182400,4,Low,False,False,False,valence,0.424,1.1476976000417525
410.0,David Ramirez,Goodbye,3Tu5k1C7ui9VnoTZrYZn2u,12,2012,acoustic,0.463,0.034,11,-18.503,1,0.0364,0.929,0.000104,0.111,0.221,91.606,149400,3,Low,True,False,False,loudness,0.0,2.822020574445194
411.0,Kaki King,No True Masterpiece Will Ever Be Complete,2sQVXnBwlXdyrMmGUSSUcM,14,2012,acoustic,0.501,0.377,3,-15.423,1,0.0301,0.77,0.929,0.142,0.241,137.88,204184,3,Low,False,True,False,duration_ms,90748.9111111111,1.202008866864059
412.0,Steve Petrunak,Yesterday Once More,3t1HSy5iSTNlwlb7JVw54L,24,2012,acoustic,0.722,0.401,4,-7.479,1,0.058,0.903,0.798,0.101,0.294,82.99,265926,4,Low,False,True,False,speechiness,0.0,4.819431639785929
413.0,Eric Hutchinson,Living in the Afterlife,0OaFGpWo2SALjXQGcWZRDs,12,2012,acoustic,0.639,0.919,9,-5.749,1,0.0448,0.004,5.75e-06,0.104,0.688,103.991,270693,4,Low,False,False,False,energy,0.7502222222222223,1.321160904245847
414.0,Harley Poe,Herschell,3h5kgYI6Etafu9WbTqaI8o,13,2012,acoustic,0.698,0.625,9,-5.642,0,0.167,0.341,0.0,0.239,0.761,81.525,264000,4,Low,False,False,False,acousticness,0.141,2.7830031687194605
415.0,Matthew Perryman Jones,O Theo,4agM4Z6YLKo6ksodu072lW,15,2012,acoustic,0.337,0.577,0,-7.881,1,0.0313,0.721,0.00945,0.128,0.262,157.96,302320,3,Low,True,False,False,instrumentalness,0.0,1.66879206953881
416.0,Tristan Prettyman,Deepest Ocean Blue,7649aUauAZ8tfvbjW78cHH,11,2012,acoustic,0.506,0.084,11,-11.393,1,0.0373,0.751,0.004,0.107,0.336,118.33,330600,4,Low,True,False,False,loudness,0.0,1.8598186855029797
417.0,Tyrone Wells,"Beautiful Girl, Beautiful World",3bBUDZNQ2x42KWhKrNsQvE,13,2012,acoustic,0.596,0.184,4,-13.857,1,0.0317,0.642,0.0,0.187,0.591,128.142,186265,3,Low,True,False,False,loudness,0.0,2.534102497186705
418.0,Tony Sly,Pre-Medicated Murder,6sTzJD69ZNCiynzd3B64ZH,18,2012,acoustic,0.472,0.375,9,-6.86,1,0.0279,0.754,4.21e-06,0.33,0.241,142.172,163547,4,Low,True,False,False,danceability,0.6719999999999999,2.980202432109891
419.0,Lulu Panganiban,I'll Never Get Over You Getting Over Me,0t9lXLs71zNvqsUcBZrOi8,30,2012,acoustic,0.503,0.319,9,-10.172,1,0.0264,0.728,3.67e-06,0.155,0.355,163.856,236013,4,Low,True,False,False,liveness,0.0,1.8961767618472576
420.0,Jaymay,Lamb,7fvb00s9dY59NUhvtyhp6N,15,2012,acoustic,0.665,0.394,3,-8.372,1,0.034,0.517,0.0,0.371,0.77,150.978,118979,3,Low,True,False,False,valence,0.5700000000000001,4.435273334671427
421.0,Ichiko Aoba,IMPERIAL SMOKE TOWN - remastered,4E5kFoqMdJ9TVcyeAE10mJ,16,2012,acoustic,0.513,0.132,10,-19.708,0,0.0679,0.988,0.211,0.0734,0.0566,114.551,437732,4,Low,True,False,False,duration_ms,48637.75555555557,2.988145151094182
422.0,Joey Cape,Alison's Disease,2JpoBFBtUGZdon10jfIayr,19,2012,acoustic,0.408,0.276,10,-9.158,1,0.0322,0.871,0.0,0.117,0.191,127.906,176173,4,Low,True,False,False,liveness,0.0,1.2929125804745567
423.0,Dave Barnes,Hey Now,0mlPvEbpVpSMId3RVsp1h4,11,2012,acoustic,0.709,0.503,9,-12.701,1,0.0402,0.364,0.0,0.209,0.895,106.004,156080,4,Low,True,False,False,loudness,-2.7780000000000005,3.86014552510221
424.0,A Fine Frenzy,They Can't If You Don't Let Them,0jhdk5ir8wAb8dIryDlUGe,10,2012,acoustic,0.595,0.53,1,-9.968,0,0.0292,0.281,0.000379,0.335,0.466,101.946,297910,3,Low,False,False,False,loudness,0.0,1.7014905196575754
425.0,Dave Barnes,Warm Heart In A Cold World,5oRPKPzjxg4wC5CNck5BQN,13,2012,acoustic,0.646,0.398,10,-8.883,1,0.0261,0.574,0.083,0.164,0.533,72.995,252640,4,Low,True,False,False,liveness,0.0404444444444444,1.4995789770171442
426.0,Mark Lanegan,Leviathan,1pjGnLHgG94x0aKYtZkgJN,21,2012,acoustic,0.192,0.384,0,-8.276,1,0.0291,0.471,6.11e-06,0.453,0.128,99.311,262000,3,Low,True,False,False,loudness,0.0,1.1876004790901329
427.0,Mark Lanegan,Deep Black Vanishing Train,4hOJVPNHWGeWQvBxDEQC2z,21,2012,acoustic,0.605,0.389,7,-10.129,1,0.0307,0.752,0.000128,0.261,0.23,106.094,186200,4,Low,True,False,False,liveness,0.061,2.902972884366207
428.0,Kris Allen,Out Alive,4ZE3lE2Y9zbGoa9hroEthg,15,2012,acoustic,0.619,0.593,3,-5.87,1,0.0276,0.00329,0.0,0.125,0.238,115.978,222707,4,Low,False,False,False,danceability,0.7745555555555554,0.257531922278865
429.0,Gabrielle Aplin,Out On My Own,2j6IM6bho1XEweqd0ozrzr,22,2012,acoustic,0.549,0.439,1,-10.706,0,0.0404,0.529,2.77e-05,0.19,0.173,128.626,246021,4,Low,True,False,False,loudness,0.0,2.466939426107768
430.0,A Fine Frenzy,Sailingsong,103Fn14sKh41DrDrbvd8Oc,10,2012,acoustic,0.766,0.562,1,-8.843,1,0.0447,0.0941,0.567,0.0899,0.594,123.019,265305,4,Low,False,False,True,speechiness,0.0271888888888888,4.756580637248655
431.0,A Fine Frenzy,Untitled (Grasses Grow),3VEJAR3mb4eEj8Q2td1c7p,10,2012,acoustic,0.37,0.0257,2,-20.823,1,0.0386,0.972,0.000118,0.0803,0.0762,116.755,445781,4,Low,True,False,False,danceability,0.5700000000000001,3.3269031564728007
432.0,Steve Petrunak,Follow Me,2ecLamflG26HdReNMboOSD,14,2012,acoustic,0.504,0.406,7,-7.694,1,0.0432,0.803,0.615,0.171,0.398,124.577,181653,4,Low,False,True,False,speechiness,0.0,2.606661896314288
433.0,Jack Savoretti,Knock Knock,0jpvmRWyuhBWz1shX515JY,30,2012,acoustic,0.639,0.846,2,-4.805,1,0.0518,0.00143,6.78e-06,0.159,0.908,90.06,177187,4,Low,False,False,False,instrumentalness,0.0,0.4654719694301654
434.0,The Moon Loungers,Under Pressure,4dsqYbUmRHHbtT6hJI3i7I,24,2012,acoustic,0.739,0.428,2,-8.558,1,0.0387,0.864,2.21e-05,0.0885,0.489,117.712,219097,4,Low,True,False,False,valence,0.289,1.877134460985573
435.0,Jack Savoretti,Changes,6bM5S6FZ8zwMda9gPRyHTT,29,2012,acoustic,0.563,0.501,0,-6.774,1,0.023,0.0374,5.58e-05,0.118,0.0815,78.026,253733,4,Low,False,False,False,instrumentalness,0.0,3.3719263209739303
436.0,Jon Bryant,Take Me if You Must,1CxugdvAyL8WvqzbfcSUux,14,2012,acoustic,0.516,0.588,4,-8.411,1,0.0347,0.0529,2.87e-06,0.148,0.436,133.023,213045,4,Low,False,False,False,danceability,0.716,2.3329918781214865
437.0,Amos Lee,May I Remind You,6JffGJu6ocKYIrj9WxKlnE,14,2012,acoustic,0.552,0.235,2,-12.077,1,0.0294,0.738,0.00422,0.331,0.243,120.112,279560,3,Low,True,False,False,liveness,0.131,3.13637643004688
438.0,Mischief Brew,Catch Fire,3xei3T9xnPfAheWOxTR0pN,13,2012,acoustic,0.432,0.778,9,-7.024,1,0.0338,0.0432,2.66e-06,0.212,0.382,103.793,288987,4,Low,False,False,False,danceability,0.632,3.0380817767325183
439.0,Ron Pope,Atlanta,1ZVxkwGlboJdbxYDxGmsRh,16,2012,acoustic,0.598,0.523,0,-11.4,1,0.0377,0.583,0.00791,0.162,0.336,140.047,305467,4,Low,True,False,False,loudness,-4.977777777777778,1.5354434835455884
440.0,Dan Andriano in the Emergency Room,The Radiator,4gu0mVklVdg6ISVVwUwviN,12,2012,acoustic,0.561,0.325,5,-9.137,1,0.0321,0.798,0.0,0.0729,0.39,75.917,235000,4,Low,True,False,False,liveness,0.0,1.854553203041931
441.0,David Ramirez,Mighty Fine,5usply7cKJ7q2ReJB1TVeS,11,2012,acoustic,0.446,0.424,9,-8.184,1,0.0315,0.0127,0.0,0.0993,0.289,129.511,185173,4,Low,False,False,False,danceability,0.5571111111111111,3.260283253952771
442.0,John Frusciante,Ratiug,67z6lT6u7sk0fgW0NZZPAi,12,2012,acoustic,0.662,0.771,1,-7.623,1,0.0379,0.122,0.0324,0.281,0.78,90.025,385770,4,Low,False,False,False,duration_ms,214317.0,4.268225180727153
443.0,Andy Salvanos,Farewell,3GsTphMPtuiF4oS34FivTL,15,2012,acoustic,0.401,0.027,7,-21.837,0,0.0344,0.961,0.676,0.122,0.141,72.975,193587,4,Low,False,True,False,duration_ms,86039.13333333333,2.2589466301865784
444.0,Chris Smither,What It Might Have Been,3qyPdwuA48AeB8gEdi3LuV,15,2012,acoustic,0.319,0.359,4,-9.822,1,0.0415,0.865,0.013,0.153,0.457,199.002,199147,3,Low,True,False,False,speechiness,0.0268333333333333,3.6947112639424766
445.0,Mischief Brew,Bang-Up Policework,3V4fr9oeu918MQHtlUY8oY,12,2012,acoustic,0.469,0.967,7,-5.225,1,0.0823,0.00291,3.14e-06,0.154,0.565,94.548,158653,4,Low,False,False,False,danceability,0.669,2.4578191971194023
